S0,T,r,K,sigma,Call_Prices
81.60617507,0.222202513,0.152430526,96.33524492,0.168947471,0.140750082
92.99784926,0.283273031,0.666030085,87.42488865,0.625492995,23.91565299
107.7496196,0.519765089,0.419369985,84.06312739,0.108051229,40.22204977
116.8945113,0.276644221,0.314379743,80.57139681,0.380704594,42.90824308
96.60855541,0.251905139,0.334856481,84.93075124,0.596565121,21.95352787
95.04730067,0.375874532,0.194386362,90.81672216,0.674571698,20.72088421
106.7196415,0.408118663,0.460493379,87.52079681,0.288520838,34.31123513
90.6564072,0.808859566,0.646287304,82.51678873,0.742557851,45.78965729
87.9843393,0.487232596,0.67830964,85.29553846,0.471989132,28.39519625
100.1621643,0.883938961,0.150435018,96.9874444,0.733110982,33.77173606
108.6697029,0.410955967,0.111533271,84.3263133,0.317354814,28.83880193
89.91328415,0.224297842,0.713264403,96.91898532,0.364034878,10.3294658
114.2588184,0.325314836,0.241163579,89.61556364,0.570107595,33.96602123
119.6484765,0.191376348,0.312252569,81.815491,0.602986044,43.06168439
84.27706908,0.260367516,0.321979218,92.17828725,0.736018453,12.61002881
95.88108608,0.758261913,0.320967172,84.19626245,0.397719494,32.23275567
101.8021098,0.687448473,0.164959291,99.33809855,0.362504566,19.16728219
86.18576068,0.148249609,0.459966614,87.85249722,0.601761009,9.956445501
84.11428791,0.428571182,0.116391624,88.87476297,0.450349024,9.776358923
116.7097333,0.984749338,0.291389942,88.21056679,0.103072028,50.52332772
114.4524539,0.467436798,0.257809367,81.45164239,0.239758093,42.4012704
96.47356272,0.225150825,0.226323074,88.72589966,0.35463855,14.11674633
90.23889519,0.908055625,0.648529843,89.89285256,0.605608957,42.84859451
95.00486118,0.26539471,0.565300516,81.84738671,0.25221717,24.55428584
93.07478609,0.690844564,0.100957159,81.22536951,0.481102346,23.61944776
103.9943699,0.31760407,0.102890526,83.95805994,0.357999924,23.87731911
105.6364852,0.250665435,0.679521102,90.58923727,0.626768345,31.64781929
95.97525568,0.999039495,0.249985091,86.06292759,0.366592495,31.45829006
92.07966102,0.160320435,0.493447283,89.987507,0.508685217,12.39061643
108.0094592,0.330183666,0.339576166,99.16496719,0.528959159,24.05535113
100.7025163,0.809247731,0.712283376,94.07200824,0.769726497,52.77610432
84.77007079,0.964881922,0.317885501,82.68935871,0.678761131,33.14169199
117.8338721,0.283288474,0.16271409,97.45079357,0.139604472,24.87427033
111.7179854,0.525011329,0.446000426,80.00675661,0.766639572,52.36344364
95.6339107,0.505458278,0.601580448,93.4739675,0.174480356,26.72594111
88.39306986,0.256433144,0.49431279,80.62205974,0.302274217,17.80107642
80.75910669,0.645980448,0.32522908,98.72256864,0.65865843,17.38202042
89.21830297,0.390565864,0.723779716,98.43776754,0.714831835,22.85969337
91.04852675,0.960634982,0.583124747,99.85147125,0.489405771,36.76819285
82.09340956,0.116599538,0.396458351,99.24816666,0.140115689,0.000974627
86.3439379,0.694954058,0.331356395,89.77020738,0.331363642,18.19491105
103.2281198,0.295856202,0.386750532,84.21572166,0.555919675,30.17089077
105.915923,0.39656909,0.327816028,86.02197963,0.627608205,34.4130252
97.1754984,0.597343547,0.326784612,87.25977625,0.71778615,33.45245869
89.12284962,0.138684565,0.403921237,98.3984195,0.691013519,7.636534608
97.66083982,0.534311757,0.536318853,86.50982821,0.281596237,32.83548247
101.3870793,0.33060485,0.114357233,94.95794053,0.208187669,11.15707962
84.2406703,0.898121051,0.606000381,85.38484072,0.587537225,37.8560422
118.3151455,0.709075658,0.302126589,88.2867918,0.438519061,48.60397673
104.4515457,0.299164822,0.549614528,86.07993082,0.751978379,35.31940449
101.0713006,0.440475512,0.784122315,98.3422948,0.625564196,34.69424935
108.7476537,0.43685536,0.299977888,85.6079828,0.618846989,36.94789117
100.4411734,0.22244053,0.423046903,89.52443789,0.252074333,19.0926425
89.48772033,0.336777071,0.343277281,85.11232194,0.154426346,13.80081466
107.7101059,0.515821273,0.344998581,85.1994666,0.730093241,42.17538134
95.648092,0.786739542,0.447272573,94.47491661,0.675861125,36.84454751
81.01116654,0.5002367,0.114615659,92.65810755,0.678517014,12.85057185
96.4694272,0.462175007,0.374302853,91.80783601,0.44581155,22.79642235
111.4532077,0.293912213,0.665727924,89.13361017,0.401567442,38.33062404
80.73785211,0.642789727,0.156766068,91.56351645,0.311042541,7.286657028
85.5049508,0.29734584,0.211612666,87.74025937,0.174503317,5.052915418
86.40421908,0.323564715,0.262165712,96.1074207,0.208962429,3.287371457
94.62401303,0.604483404,0.199908722,90.04459672,0.344957064,18.58213919
106.3685568,0.931760953,0.388068233,86.86450611,0.101746682,45.99502939
89.80825471,0.934160976,0.723795774,97.78259387,0.621979985,43.39152397
94.75987314,0.21343167,0.378066023,86.21658399,0.513057855,17.91349818
102.1380717,0.507895449,0.42576928,87.01828672,0.629086261,35.78498199
111.9734603,0.535180332,0.571392255,84.38619846,0.230537206,49.72722195
114.2203301,0.403938185,0.505059086,98.12654313,0.722167543,40.04144462
97.95212238,0.606837803,0.567995103,94.84702621,0.415136811,32.34417703
113.578213,0.161170511,0.220909906,91.00495982,0.398148215,25.82290592
95.8183845,0.641520538,0.293585535,99.61336104,0.765858159,28.74822927
103.244041,0.817760305,0.363702871,98.23959567,0.236526411,30.81490515
93.74616641,0.656217514,0.55585153,97.76725101,0.665460865,33.21758051
102.6728738,0.465336172,0.497725878,93.59358766,0.466325315,30.90237791
90.04303407,0.97858615,0.575715878,99.86013777,0.605794787,38.03736522
82.1488588,0.53808322,0.612868565,85.3038063,0.612627888,26.00891642
102.8680601,0.8425417,0.751441677,95.91348064,0.760819358,56.66092949
103.0276082,0.262979819,0.659925593,80.68743829,0.231988079,35.12649512
111.6611287,0.391231126,0.460195831,85.02043289,0.125397612,40.7458094
81.39254181,0.738694219,0.271070815,80.88912279,0.383466814,19.13853752
86.07685168,0.577958506,0.602531193,95.30299379,0.494083928,23.29857449
118.2537091,0.499379401,0.572184164,94.92982102,0.641970237,49.64432728
89.26131659,0.778275675,0.330414746,95.64170728,0.416208411,21.28076126
110.2977896,0.179363063,0.109521906,91.37796538,0.719274571,25.36055953
101.3250156,0.752446427,0.332811248,87.08542208,0.460444375,36.69186596
83.63885951,0.369497799,0.563377091,95.20329338,0.544694288,13.89089478
86.66159589,0.599946934,0.204270815,84.96151741,0.293635369,14.52647353
104.0554522,0.517468967,0.272110998,91.57623298,0.466005369,27.93081021
106.1360296,0.854054498,0.685503984,86.64415992,0.36106139,57.93063568
117.1558161,0.566401959,0.683211959,82.42597746,0.74056813,62.80722047
104.6197845,0.430294668,0.140387328,92.90829228,0.191566565,17.57072738
107.9160323,0.73677374,0.37375997,95.41722319,0.342664553,36.37297778
86.88899008,0.965882195,0.628456033,80.98842785,0.42236181,43.57760265
98.75066981,0.967642549,0.769687765,87.77308505,0.267138024,57.58353169
80.87554405,0.503729293,0.508054315,95.08067509,0.124411817,7.793826019
113.9506356,0.467618223,0.151631242,87.57702196,0.782455276,40.78557295
80.09531033,0.501082864,0.641194774,88.88308983,0.58179592,21.33502678
97.30714201,0.5123933,0.148436508,86.88470988,0.556245673,24.22657826
101.3375183,0.867912767,0.62061838,82.18210991,0.610653703,55.45574674
99.75541143,0.594256943,0.696681602,80.69645709,0.192829159,46.46022465
105.2930436,0.687814859,0.507798957,82.57236565,0.56557042,48.59441795
96.38691857,0.310491241,0.727478442,94.56034051,0.198460225,20.89773301
80.71130866,0.545622487,0.414215781,97.49863256,0.555988396,14.43899777
81.33627831,0.147030496,0.433928552,87.6168869,0.356206971,4.041834677
82.21451943,0.272573305,0.783620457,93.9471094,0.438942241,11.03639697
109.7255576,0.465946188,0.403056127,93.91939144,0.660602517,36.79767475
104.2090383,0.742013187,0.475217561,83.43307266,0.465793396,46.85420463
80.10326849,0.432449682,0.545877738,93.23257727,0.516955077,13.77821881
111.9496216,0.494712636,0.654791849,90.19612582,0.49249185,47.84203244
88.55041382,0.819486357,0.307189432,95.51453988,0.29198753,17.57572047
110.361222,0.357397293,0.502970407,85.88573812,0.563271048,40.2629813
100.8016669,0.391676951,0.753619257,85.03877551,0.597412864,39.44625127
111.597648,0.401850044,0.299448117,97.49410889,0.269380077,25.70765158
109.2552864,0.93169489,0.508197537,83.87538974,0.123293075,56.97561884
90.46700384,0.267308122,0.201244716,80.23724682,0.322955775,15.53189757
106.8118001,0.111361736,0.45864372,92.24384473,0.671932266,21.39836476
107.4545196,0.989376018,0.397138171,95.98972595,0.541775175,46.66383393
86.50912137,0.10028689,0.354192744,83.00327995,0.307541672,7.38358856
89.60078694,0.16052664,0.65902854,85.70071545,0.497275972,14.73901462
89.05927085,0.163345689,0.286316376,91.46786388,0.312335891,5.422230554
98.64962213,0.848713073,0.548376538,88.18207558,0.200563424,43.12402815
109.7433679,0.264586266,0.457154132,93.71108385,0.702630494,30.87666904
105.7162025,0.890582633,0.457370781,95.42605362,0.188881577,42.04460275
110.6502262,0.482745225,0.313176895,85.95174575,0.529045084,38.85588804
94.27995701,0.12868375,0.491423063,94.76870293,0.322513326,7.506384713
103.4338535,0.439607574,0.452330165,96.04881812,0.762262262,33.10381538
106.8651202,0.114859876,0.781406008,96.45569876,0.420494916,19.36732061
106.3049776,0.447722541,0.507753051,98.88607035,0.711172561,34.89710463
117.5549204,0.887930816,0.292717491,95.697136,0.441692722,46.92453219
109.5273293,0.470975469,0.545532523,91.37305147,0.490720739,40.13420024
116.3444907,0.190451126,0.613411755,83.22944025,0.774979575,43.59170445
107.5500628,0.960087659,0.680998725,81.00794387,0.211933231,65.29192626
94.22252846,0.935754234,0.769574375,95.00174148,0.357252468,48.44778513
83.99328541,0.706534681,0.177704336,89.92938833,0.408341217,13.71796108
106.6435768,0.114776484,0.799576524,85.43900562,0.239655339,28.67372122
103.2165661,0.787603106,0.693549019,86.54927146,0.212135533,52.94972412
108.9704708,0.905080971,0.545474076,91.70292649,0.473104771,54.4480019
94.80481297,0.687472518,0.502310774,86.05830902,0.595132623,38.01407605
81.26107415,0.536894858,0.181236112,83.87288741,0.507670353,14.13247038
104.8988188,0.39293598,0.753854431,82.60947556,0.438666613,43.39332182
85.03056458,0.585200478,0.137261029,86.86775557,0.749116199,21.31300722
101.2101809,0.390894664,0.735559166,99.05162477,0.43555989,28.66930426
117.3636039,0.232521835,0.438225694,90.40020173,0.151674757,35.63962308
110.4667331,0.280717378,0.554101603,85.50654819,0.203577632,37.19642427
92.68824369,0.244078053,0.437693966,98.73916359,0.225236708,6.246492428
102.555113,0.646958592,0.770315243,95.85128641,0.623844634,46.77128795
97.99635371,0.515822337,0.628186371,99.78318574,0.560242615,29.93028009
105.3221287,0.456727807,0.372398752,90.93258927,0.629910954,33.62358489
102.2092592,0.76227899,0.160210982,91.79275823,0.518866075,28.37936772
102.3944487,0.311581437,0.498167498,83.99482581,0.457477022,31.25783047
118.0239927,0.299770848,0.470105358,98.41208543,0.211770366,32.47624588
99.50494489,0.528699744,0.726929357,89.337295,0.784041158,43.58300544
87.96640093,0.195990798,0.427441678,83.17338551,0.615439629,15.77168419
97.59084943,0.982027506,0.46892995,82.10737529,0.4029366,46.05546282
97.13855611,0.19258427,0.352992614,97.06807997,0.353752956,9.699829632
84.66045553,0.315023403,0.329646125,95.09781939,0.216923577,3.66874321
112.1262874,0.189544448,0.288663563,96.62569849,0.27011186,20.96874315
113.4858879,0.730478099,0.364506587,90.33377977,0.15981031,44.23269657
93.63098185,0.174010896,0.505541133,89.48473934,0.688157166,16.49831008
95.39945739,0.662923052,0.567987048,93.0613424,0.791123616,39.60072274
84.6955749,0.628795807,0.396112896,97.36759198,0.352604708,13.91772171
115.4710768,0.445113225,0.388147341,93.16704642,0.451604167,38.59164701
81.19881689,0.856865825,0.23484252,94.07818101,0.112615506,5.816970886
101.6055554,0.855297106,0.688502095,90.63243687,0.542688962,53.30631848
89.53545801,0.121938447,0.323406309,93.03148394,0.384776808,4.899323701
98.34428428,0.877934048,0.260904004,84.37891462,0.224021776,31.5510233
93.33759414,0.302423448,0.182865011,84.53355851,0.7356892,21.23246377
116.065858,0.632111008,0.67575939,88.43955694,0.14925321,58.36899748
82.43292274,0.499499071,0.704018668,82.96890104,0.635455484,28.00846112
86.02229157,0.633073019,0.561269363,89.30761704,0.588355333,28.57484474
89.43805575,0.57066277,0.324129237,84.35399035,0.151230485,19.37278467
82.63260838,0.345067598,0.193727515,86.22427134,0.3649133,7.924996564
93.17875164,0.658075002,0.603683369,84.44269483,0.730135043,41.72735312
83.38664112,0.159297237,0.556280713,93.66666443,0.185880426,1.498126144
90.61789821,0.392061976,0.738729234,80.70485142,0.367642063,30.39684262
96.8428827,0.482974987,0.22980386,81.05573607,0.750218412,31.81747317
83.72495926,0.687173223,0.398699115,83.29993728,0.395461556,23.05602063
88.762628,0.142970108,0.691721035,87.40278512,0.30113721,10.46688004
92.89758661,0.562667164,0.483150624,81.91572624,0.549920494,33.07978518
87.00233939,0.942877128,0.293296485,96.90892665,0.207031544,15.36329465
119.6801348,0.888133551,0.216613905,82.76858233,0.554730807,54.1992675
104.7650847,0.594962288,0.141539478,96.53207893,0.708958076,29.93433949
114.482086,0.144575692,0.581236314,92.13034687,0.204007251,29.86626463
96.20210544,0.709868466,0.394575346,87.68403483,0.264863142,30.22262885
105.4011687,0.796391105,0.245368617,90.95996008,0.524016145,35.80860052
107.1903774,0.184561432,0.731309144,89.14670556,0.680928144,31.08626133
86.53712489,0.347090066,0.712771079,96.12557091,0.118334181,11.52559404
92.53908431,0.735263275,0.58351758,88.73418883,0.185740653,34.75325541
90.86471724,0.208760729,0.179726689,81.26706832,0.132773547,12.56797572
102.9156843,0.650323031,0.369716488,92.26163487,0.421421768,32.95062788
93.64598266,0.194735883,0.342912557,96.04083462,0.545033179,10.80539445
90.66178834,0.279713711,0.385497268,93.704189,0.302260252,9.439483692
99.64795579,0.385657978,0.749711582,80.56099642,0.565261959,40.42454603
118.8507748,0.961153379,0.164932025,80.77980532,0.64076218,55.06676225
82.8000946,0.84842549,0.232224988,81.21372962,0.249231551,17.77417849
100.2264632,0.693105814,0.421763875,80.86093853,0.130747102,39.8918931
107.5041202,0.15580933,0.285269508,85.19498685,0.25765124,25.95301913
109.5113678,0.124032405,0.590502675,81.70635544,0.527681759,33.84634798
97.11162552,0.743134458,0.450152159,88.45435567,0.176756056,33.62337594
104.4085207,0.268357801,0.64691102,97.34252482,0.795451951,29.27023281
94.10387821,0.314061971,0.533487202,83.85689288,0.32657024,23.53711723
82.91340886,0.586412188,0.21462053,92.02717352,0.33253278,9.21573674
97.73365693,0.308240149,0.464139802,94.51006354,0.654514479,22.48108807
89.22642134,0.181407378,0.171258466,89.90815853,0.470659345,8.101069984
86.11424048,0.712276276,0.735528934,85.49698213,0.425992658,36.05469814
95.02016648,0.138893432,0.361869888,92.14410829,0.384638374,9.669645323
109.5765971,0.569111357,0.523522822,93.64717954,0.651770298,43.56966784
82.23617751,0.413447019,0.7198008,87.18209568,0.744241347,24.10157155
112.9523708,0.826960931,0.373104026,93.0739935,0.76238289,53.11890193
102.7543972,0.81317264,0.771712033,95.23461812,0.263022617,51.74048419
97.70557186,0.918576365,0.480896852,90.13896164,0.697297421,45.35092728
92.42477806,0.707932668,0.254482478,82.67037988,0.711949967,32.76583219
118.9451714,0.60645457,0.774856087,88.01838117,0.155060157,63.77851341
96.14005362,0.700915031,0.130384744,93.38285135,0.29229145,15.24872815
105.3815076,0.894994191,0.148360845,94.67330322,0.386859159,27.484613
113.7657204,0.450892748,0.759158179,91.22156498,0.448189109,49.19182464
110.7263593,0.140967596,0.248548837,93.18516665,0.516886218,22.17049458
105.8392057,0.612362372,0.552024608,96.62389404,0.13231382,36.91461995
99.79044991,0.896588964,0.524031742,85.30999528,0.682439282,50.99949829
105.6061928,0.894045384,0.610436178,83.66421367,0.44147383,58.07047577
80.49629903,0.453106708,0.267729154,97.90044032,0.315364558,4.40784451
92.28190685,0.308869653,0.398253168,93.19704264,0.377177998,13.40869111
98.91809158,0.683354777,0.264711827,85.11771423,0.491343652,31.81142809
83.65763694,0.751814343,0.666739129,93.03557088,0.690381064,33.2464697
88.79709845,0.435239403,0.55887858,89.59694176,0.174880316,18.57029944
116.2697173,0.290037678,0.31823037,99.97548573,0.459463169,26.78515714
95.78918062,0.288742257,0.707244758,98.11816482,0.658027206,21.91743206
111.551018,0.676254889,0.352870633,82.2157849,0.115341705,46.86016225
115.2231527,0.858334291,0.686517095,97.25968569,0.255935497,61.7285628
80.50632737,0.705718905,0.315421378,99.68288006,0.258966922,7.250479919
115.8288058,0.851456122,0.605476413,92.62425888,0.304433475,60.64659459
109.0918692,0.901166725,0.419093935,87.10786457,0.582734253,51.57387077
82.88957629,0.682096065,0.561946408,93.43972619,0.673191367,27.53819164
94.08759614,0.508602317,0.739190827,83.31459565,0.750241826,40.62332781
89.30625412,0.234351693,0.577872525,84.10159202,0.601059299,19.53149185
83.03920976,0.131452476,0.231219668,83.04405095,0.262373736,4.547111097
86.64611602,0.212076833,0.442925618,83.85560299,0.542813288,14.32524636
105.3102338,0.321829002,0.697818289,98.61919615,0.639715163,30.24435084
87.52866889,0.963367992,0.654893802,80.06973497,0.14256703,44.88287876
94.41314137,0.426341879,0.323306685,83.63649461,0.156365375,21.55869062
83.22251065,0.963577826,0.561419106,88.29334341,0.457928437,33.84247915
102.5453105,0.740598793,0.697539408,85.55866232,0.402145987,50.95446646
113.5639834,0.156679942,0.119772239,83.79096948,0.62184856,32.5664678
98.9045001,0.137297326,0.508623919,86.41015593,0.456506317,18.99058741
114.3119777,0.715258124,0.762324073,87.79836984,0.654053825,64.33019257
116.9400562,0.107316581,0.30841024,86.78916817,0.503808701,33.46584106
100.9065532,0.67265433,0.269563918,99.31903561,0.668051411,30.34713257
117.6361949,0.61961399,0.421114863,84.34468499,0.565662771,54.23584991
93.36663026,0.519213978,0.787541345,82.94186092,0.688422055,41.25462175
96.46706418,0.889992176,0.634407084,88.05391978,0.655225444,48.98060468
89.13009372,0.613776765,0.308306827,92.33023569,0.150176122,13.15558034
90.97267168,0.996106646,0.489811216,94.89235177,0.313695423,33.44839666
84.55044847,0.943002175,0.253453188,85.8287349,0.700128737,29.55173161
104.162913,0.655896703,0.351329667,89.01557843,0.204553447,33.68895608
105.5403733,0.661057415,0.176604799,96.33848814,0.333892187,22.90935239
92.95113338,0.257587496,0.496099177,88.14629729,0.520388325,18.88357513
92.77836656,0.421620972,0.386196035,98.93675053,0.52643086,16.89494098
90.10531224,0.433019924,0.78625706,97.56791203,0.732190512,27.61570189
94.79076447,0.523634563,0.776214508,91.77622393,0.445746591,34.70129376
89.92249578,0.357470174,0.686692481,87.49769589,0.506721132,23.89420101
108.2305736,0.63117346,0.237085026,82.10025299,0.194495811,37.56138695
88.53682455,0.171243266,0.137464879,81.73751141,0.374984103,10.72119382
89.18217002,0.300679899,0.480953745,98.80401029,0.707429448,15.21579819
85.37556148,0.265641972,0.462933593,93.01966645,0.575690212,11.52534825
89.78457233,0.180580435,0.622136324,93.65593737,0.258700085,7.515800505
104.2144984,0.635490446,0.662697749,87.47756289,0.657809194,49.30291718
82.46586204,0.26901124,0.730129938,95.17507774,0.247134709,6.644618485
92.1782693,0.858171746,0.348821033,92.02771028,0.701256305,34.86625885
111.0012745,0.540007333,0.29925076,88.47643164,0.128492141,35.53876955
93.3568733,0.738321081,0.620275341,89.5243272,0.281516601,36.97297343
86.55503979,0.332055836,0.413764068,92.34082718,0.17653148,7.160127361
109.2848488,0.409478287,0.358808478,88.7527311,0.297461731,32.69747594
97.0460694,0.328597983,0.228047939,91.05050302,0.337737421,14.95870769
84.05704961,0.886002734,0.580003456,96.13121489,0.738583809,34.90891044
105.9168357,0.723744949,0.395845586,97.62509333,0.243848245,32.94171446
89.43431305,0.196711813,0.554521185,99.87442583,0.745865099,11.53663619
90.41747306,0.261420994,0.488690617,90.13570868,0.575980499,16.48045314
80.72303797,0.931808586,0.148061674,80.3016126,0.732196522,26.71000696
100.6515835,0.595258656,0.592382001,87.75097981,0.180922384,38.89584458
83.27168829,0.66972432,0.337735748,96.45888867,0.135961984,7.604560298
111.7142452,0.800814742,0.43693887,92.93780445,0.374591507,46.77243136
84.39334125,0.728231661,0.188547521,93.91598674,0.522176004,16.31615287
119.1513791,0.614264796,0.684041236,88.79660345,0.219055658,60.88520612
83.21300959,0.710505059,0.236260467,90.27871533,0.345753366,13.08804993
97.88140398,0.589917972,0.588393722,80.96722324,0.463073815,41.51432432
103.6944155,0.879786961,0.236830475,96.12152082,0.180145073,25.83088188
114.0727999,0.465774193,0.169445045,82.00239506,0.463901073,39.64399258
116.261607,0.123542359,0.168983675,87.15391165,0.374644418,30.94862698
117.1428574,0.130659076,0.236845004,91.21825153,0.683878771,30.09007504
116.886371,0.246718646,0.383831289,93.08706055,0.457544151,33.09182786
113.4924892,0.751326714,0.6068541,95.17657356,0.481258226,54.13146694
115.8500663,0.200122858,0.79784244,85.18068892,0.142157668,43.14816607
99.26518791,0.593571559,0.411379099,86.08735709,0.604099959,35.89111188
110.6118112,0.412361816,0.256844317,91.47630101,0.664352474,34.75603589
107.5043821,0.195373942,0.435325311,87.89861098,0.635532023,28.71930259
91.29754689,0.828357115,0.163267171,81.66772714,0.327981021,22.66222674
108.5507502,0.323173445,0.229000674,84.33707533,0.400260105,30.67557948
91.20484962,0.784165992,0.774201823,93.50970991,0.147985754,40.27897943
105.5807817,0.924361634,0.311909926,94.47352941,0.484165094,38.98860145
100.8645951,0.841018629,0.566835163,82.94111939,0.270073474,49.40768189
116.8949274,0.825535801,0.228771285,91.89343076,0.3062418,41.36124007
112.6656253,0.602518071,0.774125872,93.22676678,0.144304397,54.2360125
117.4389711,0.971837896,0.675852851,82.85528448,0.704342681,75.82181105
92.6862672,0.183056416,0.331025304,90.76131712,0.442804668,10.97990544
90.93387886,0.858165852,0.496235205,89.49943181,0.188202414,32.54559504
106.3704297,0.683461525,0.393704861,80.56878715,0.502741699,46.30666777
88.6911613,0.980424767,0.469933987,94.54538293,0.208562889,29.46464935
93.95438966,0.297355601,0.561989028,86.70728686,0.780801146,26.76448501
91.39457819,0.674239289,0.317550858,85.37369244,0.674305011,30.78894635
87.6483739,0.702603856,0.191959731,81.61435087,0.759609361,28.1226983
96.68254958,0.610566528,0.581333655,89.82451544,0.253001356,33.93729592
88.70457227,0.336431992,0.465298488,96.61341501,0.725810344,17.47983854
85.5566936,0.758036034,0.245076962,95.03905365,0.781235366,24.61735867
91.41925888,0.214006888,0.755987961,90.30346179,0.322850131,15.3041243
97.63993328,0.986964338,0.499317863,81.38998746,0.603675613,51.11428335
115.7562305,0.793488794,0.430681332,87.45197085,0.168250145,53.56341349
88.84838276,0.90072749,0.687228581,87.35818371,0.57467364,43.95195512
115.1499794,0.831976733,0.562407684,91.76905211,0.369872817,58.29349576
100.2628531,0.304228813,0.707970732,83.34732555,0.180632742,33.01995405
111.8165833,0.439008474,0.238449957,80.08424156,0.638628282,42.35778845
101.3359646,0.929148503,0.68175229,98.66567944,0.666418742,52.08874369
99.86449548,0.888242639,0.449205206,86.23028192,0.675349566,47.07530825
111.9572463,0.157496614,0.230622845,80.40553577,0.646748529,34.73801027
89.93952616,0.524972919,0.639243177,92.79558796,0.559027992,27.59557426
98.0350705,0.576966968,0.335336066,86.59625702,0.333453117,27.72391864
98.36966915,0.726551662,0.51249159,82.20373493,0.199716919,41.68546557
103.8697843,0.383120942,0.697683459,91.54011256,0.783846034,38.52069059
100.6594099,0.561044988,0.290048307,99.22842574,0.450200046,22.34032041
109.1265984,0.154549276,0.366853883,97.23844562,0.439992145,18.93468375
108.1442609,0.670016213,0.76966188,83.28504359,0.337597611,58.50153058
119.9201309,0.649602956,0.415014134,84.56051021,0.419117858,56.20396483
84.2198132,0.709947302,0.688676775,81.96076482,0.622944537,36.64582756
105.3586664,0.207596474,0.185360671,93.03422841,0.645774407,21.29485435
106.541293,0.82265671,0.699509024,87.28670126,0.592182014,58.16080995
111.1103258,0.897779501,0.566405799,87.936536,0.176407447,58.12588879
109.7689699,0.17954002,0.233041321,95.13917709,0.38930009,19.83202166
112.6173504,0.348639679,0.279006835,93.44942202,0.567452145,31.59445447
110.9429439,0.737831505,0.593907732,83.13394372,0.435567369,57.75785615
102.7580744,0.26109855,0.670432329,96.32490523,0.211517084,21.93143138
104.005404,0.654541504,0.58819525,86.9823966,0.645624858,47.58060427
116.6371579,0.709744843,0.66715559,82.59913972,0.384871611,65.21688938
111.5781573,0.73514255,0.217944125,84.47368913,0.348300035,40.4718811
114.9787742,0.443401134,0.321494044,85.85290232,0.677277831,44.14069968
82.09010496,0.119881904,0.112368061,89.49264557,0.577174752,4.1732094
108.9840747,0.656162624,0.225377743,83.69982621,0.11299741,36.85064816
106.8342152,0.286705986,0.479940749,89.84694294,0.467482537,29.73721391
116.0795877,0.878969238,0.52627,82.00137271,0.130526387,64.378613
81.50119455,0.74433058,0.670762611,87.97268365,0.4713188,30.06904073
98.93470547,0.748008824,0.747704734,97.05055503,0.730775363,47.29096132
115.6701897,0.803443785,0.53478159,82.54668175,0.724988966,64.78328131
81.85088126,0.87283926,0.694428902,81.40653993,0.437921397,38.21598971
95.31453721,0.119712675,0.43639544,97.01387127,0.394291429,6.81460633
108.9741241,0.861196969,0.401078063,97.27830508,0.306665496,40.347567
84.09577042,0.223177846,0.198327116,86.66764628,0.750460058,12.36719844
96.63097451,0.716269793,0.709612528,89.0014979,0.762831116,47.65061522
110.5680831,0.308492383,0.236377366,83.19243203,0.680182169,36.6404355
82.95913459,0.481238597,0.516995586,92.48184532,0.434122876,15.71025075
91.01347054,0.141590105,0.338597254,97.04544264,0.728304138,9.15146705
81.25191238,0.491333128,0.208551798,96.17441253,0.524814766,9.750588655
97.88867742,0.513695935,0.154051098,83.04806932,0.659250095,28.95969892
114.0725352,0.615795424,0.366489711,96.82647429,0.727186152,44.47944489
96.31704409,0.171030726,0.645319909,82.8235512,0.492916233,22.88759774
103.6784416,0.144065773,0.360793555,84.20937036,0.577723902,25.02183193
90.93303344,0.398034954,0.526739892,81.77030257,0.584696737,27.86645702
83.1662348,0.825224271,0.137933265,94.5299022,0.472273759,13.98808712
99.7534673,0.738571861,0.30085205,86.71426983,0.253899409,30.77748191
107.8040508,0.803073581,0.350446788,89.37438845,0.515535318,43.39163765
88.25291237,0.509032099,0.781266781,86.12038012,0.335249471,30.57116829
92.51287938,0.421838744,0.105709889,90.8520547,0.122068251,6.523294311
107.0574424,0.535819758,0.405355649,82.76446092,0.31883687,40.83728021
104.3544278,0.576628886,0.338015903,89.48891374,0.136330027,30.72315397
111.9389241,0.661776486,0.639568516,81.86585398,0.585486171,59.27984587
84.83179488,0.686874127,0.515079597,99.05524612,0.400921823,19.40693538
90.74599406,0.513469414,0.231326444,93.35405177,0.252370126,11.05825974
81.97489934,0.106748045,0.107128234,86.56819749,0.439159864,3.20030105
114.4806671,0.221994482,0.696486867,87.74863538,0.735270182,40.90678925
102.5756833,0.263444688,0.721846837,96.24131534,0.404252103,23.90427331
82.29251537,0.280511305,0.383948614,99.50148691,0.662113725,8.656556705
94.40068415,0.843086957,0.337133237,96.04859134,0.796101796,36.15929499
94.1877542,0.556385161,0.112582709,85.70539451,0.67018182,24.74932315
100.2726629,0.856045487,0.53371027,82.42357917,0.420846546,48.85561947
92.84350166,0.791525236,0.224444353,94.18900723,0.530929908,23.76363793
95.43578057,0.955915444,0.795210891,83.74789099,0.298340266,56.35351215
111.1596624,0.888282453,0.726292124,87.103516,0.395064961,65.69033643
90.47887043,0.388910235,0.500487068,89.30276846,0.218055898,17.3270698
80.70295798,0.90660101,0.32642927,80.19727032,0.362413318,23.7797613
105.282611,0.829167418,0.486430255,81.26714783,0.712333156,55.15027122
99.94593366,0.420510204,0.128193745,93.0550384,0.670285688,22.75950616
87.55000202,0.117278863,0.762572783,95.2845096,0.62775987,7.746140921
104.2380542,0.681922821,0.291067153,99.4969022,0.471267691,28.46437649
113.1796716,0.364969134,0.165777388,88.6052013,0.402073578,30.76096545
84.96163153,0.80014391,0.559299848,97.96526106,0.390419276,24.82922137
111.880683,0.434414841,0.344138073,96.0890024,0.776739938,37.52868495
83.05131935,0.161516251,0.704647048,87.17819887,0.312675602,7.100580191
102.9375611,0.185208184,0.301389751,84.13025705,0.262115988,23.34628422
102.5170976,0.670874311,0.698971036,97.86485279,0.365023745,41.87759941
86.80913193,0.941750147,0.408988808,90.17512096,0.310490781,26.95725918
114.4542259,0.855328224,0.733613127,80.36130616,0.331522535,71.45018994
89.07965124,0.746037427,0.494015381,94.85000781,0.435542842,26.73324146
115.6132984,0.216773474,0.249235631,82.05613058,0.136113011,37.84371471
83.35095147,0.975632446,0.236094646,86.60416746,0.420793828,21.18997832
93.45278575,0.798774924,0.147789521,88.19480635,0.636805545,27.01471704
88.21743508,0.777284662,0.584338929,98.00147239,0.55332625,30.80795858
93.20807153,0.401170493,0.301096918,82.78162676,0.286368691,20.75662106
114.2146457,0.101498597,0.629697111,99.25030683,0.184093264,21.0886369
88.59529591,0.243295174,0.383326066,85.79476436,0.51624522,14.51355845
81.17121345,0.34099486,0.745801918,89.72076793,0.154524855,11.66182697
85.71583058,0.243030996,0.494301157,88.23722329,0.487952889,12.08549389
113.2397128,0.426697674,0.194267802,94.54270399,0.648582556,32.55842863
113.3829634,0.384278881,0.554713956,91.76437466,0.461431993,39.76647942
89.28103153,0.607589785,0.711500538,83.37104662,0.339721579,35.51152816
109.6126745,0.331109809,0.217223502,96.78437434,0.692194789,27.28611102
97.62950699,0.886039542,0.612272305,91.39582763,0.210973853,44.41923016
109.0852504,0.392469041,0.28574328,87.73477434,0.311296552,31.12020452
118.9437936,0.604005446,0.192235976,80.75875119,0.582106308,49.6370324
110.0867617,0.204673983,0.155836989,94.2615429,0.454336692,20.76130635
116.5773337,0.817919599,0.560201128,98.54338849,0.206402645,54.39174034
101.4639056,0.256010026,0.590444003,81.93942816,0.227682793,31.03978293
103.9803186,0.481597667,0.453096994,84.33352155,0.402873327,36.61569323
80.9511374,0.347718268,0.322141693,80.50207805,0.139012788,9.158076028
101.4703005,0.461759815,0.757683946,86.86158373,0.356833214,40.15667114
111.0003355,0.275085002,0.36326572,95.02979674,0.462131254,26.63499087
119.0215808,0.801951573,0.449085595,80.59078076,0.259251895,62.89638419
98.9716262,0.907546607,0.55391219,86.82921721,0.492720271,47.7256857
89.4158144,0.640529501,0.500698956,80.35935607,0.287490438,31.03193869
94.63933522,0.488963056,0.672189004,98.84229546,0.694782099,30.47682271
101.6731774,0.489350094,0.193888746,91.66093244,0.512306817,24.18205506
94.8227691,0.338480459,0.667007603,98.75214648,0.201158651,16.33918646
89.52158858,0.438091505,0.170561307,97.97766409,0.730223762,16.42991805
119.908351,0.493916218,0.489987209,86.57988153,0.431025721,51.99226393
94.51074503,0.122939398,0.287480541,84.52298835,0.240301747,13.01969323
98.62544526,0.221953136,0.515853244,88.21618557,0.477233884,21.86423828
105.1235353,0.528284443,0.567037587,85.229765,0.594850743,43.96883018
88.63926374,0.834645983,0.194853545,82.81123024,0.264929325,19.93243016
86.43418353,0.105074451,0.449313276,90.83570639,0.358864714,3.91168223
111.5321449,0.429320196,0.683185828,84.49009297,0.695496789,50.27682725
110.6964712,0.898328081,0.221212677,92.8749259,0.198955492,34.81312628
111.028627,0.621681112,0.307201087,97.3948217,0.178349058,30.71598735
100.0413705,0.42605701,0.7966873,97.8639145,0.784359054,36.2527958
109.1391624,0.123521037,0.327204138,96.28980477,0.209446002,16.6898193
91.12631966,0.376396114,0.427403318,87.71920687,0.362078504,18.43051862
111.3463159,0.957026906,0.4207511,95.92379525,0.505847509,49.83880059
114.7311306,0.756316499,0.173934531,91.03925536,0.546829413,40.66280859
84.29729231,0.299856679,0.113706844,89.91650062,0.692139578,11.53152096
103.6482188,0.218890486,0.589731768,84.94602169,0.653766903,30.85298806
82.33104402,0.803039968,0.798839442,81.91697433,0.320535476,39.20920759
117.4745346,0.238561406,0.781484204,89.39824189,0.312044115,43.23624109
90.64307119,0.760103599,0.32967144,98.18155121,0.70942298,27.97467806
89.32826651,0.597887537,0.110941214,91.0896151,0.571103502,17.39571775
90.1743892,0.679802675,0.667351251,96.35775338,0.28342586,29.3471372
108.8141284,0.933980473,0.692342814,87.76270844,0.482908811,63.25845181
110.5622164,0.927334193,0.639392055,87.9940106,0.413979211,61.41063499
118.9043703,0.54619166,0.572360474,94.90958737,0.226653366,49.70917489
112.4774222,0.405125405,0.303230864,81.68754573,0.73073159,43.92938893
113.5987493,0.342884634,0.31003664,87.03150018,0.457041158,36.38918295
111.2869221,0.712162664,0.481151109,97.2789528,0.556185949,45.41622283
103.2885064,0.61772801,0.629289234,99.5016379,0.689575656,41.405993
102.0686978,0.309574711,0.105779645,80.86328956,0.335700119,24.61184599
110.8874345,0.442533111,0.76703785,94.17328184,0.393960292,43.79300339
107.4114188,0.368810236,0.615627892,89.5240507,0.309718888,36.20259492
114.6795189,0.406215916,0.365485023,80.89813566,0.35332671,45.48000951
115.7301218,0.168726402,0.180031187,97.93556246,0.715125505,25.30952849
85.07350133,0.326028903,0.677669084,92.25645218,0.442400141,14.99814366
118.8242284,0.249333563,0.524249777,94.4483443,0.797758976,40.09017872
87.92626506,0.485627727,0.529927677,80.4259466,0.16245558,25.75668044
115.1195088,0.910339205,0.617119985,94.63449367,0.486383579,61.24014562
81.74126783,0.37059077,0.20896992,83.95851721,0.576042142,13.40871848
96.31154189,0.741769776,0.698702345,87.95949942,0.669596596,46.7432745
84.03500292,0.810051817,0.369837335,97.24202433,0.174471792,13.21031079
108.7713065,0.633789023,0.30938228,97.1874897,0.539356509,34.3217059
119.7570716,0.428701572,0.133095533,88.07670796,0.358493008,37.39171928
95.87929008,0.383352881,0.295944168,89.80449824,0.754651477,25.23124522
99.11118519,0.106109735,0.277006669,86.67656241,0.283234134,15.00500568
97.14489186,0.143640627,0.304773384,98.83989261,0.390991405,7.059548748
83.7685066,0.320098067,0.641959774,94.95375891,0.674920909,15.60801043
109.1589255,0.822389173,0.612855395,97.38539701,0.108853735,50.30312276
91.83666844,0.927217614,0.578162171,92.11060377,0.627412931,41.04746019
113.334774,0.758937142,0.676655136,82.72225412,0.581829032,64.53144436
93.65968898,0.71703016,0.277086064,99.12059754,0.560293792,23.58601327
107.7801341,0.842786049,0.178015811,96.37350986,0.686142793,38.14728579
85.93061346,0.558985744,0.567433575,96.23172109,0.588858076,22.7693418
117.1289498,0.946563144,0.234884121,85.06493406,0.315032883,49.49546492
117.4370581,0.840336431,0.365329029,87.21396446,0.289037843,53.86506493
105.9799413,0.550749183,0.639365841,87.01202531,0.601330649,46.59580202
99.00938858,0.32601904,0.33679855,95.39114946,0.282664878,15.04684901
113.4919097,0.973023013,0.130912824,96.2078859,0.2551933,30.60738605
96.67123179,0.913483821,0.570098195,95.7646811,0.332351925,40.127559
91.40371197,0.365874384,0.16230265,98.56446315,0.249320727,4.72726779
105.525468,0.424870299,0.532539853,86.02428333,0.548862523,38.45032343
108.5942468,0.56768661,0.427139811,93.14160645,0.12980543,35.59286573
87.81592526,0.399414871,0.696223312,90.4723723,0.710391535,25.08633711
100.0091769,0.858017639,0.67599786,94.26707519,0.607796832,49.46944317
107.6522127,0.283011255,0.30500162,88.12515438,0.268460863,26.85480464
95.43794172,0.171353158,0.23429846,82.99099086,0.459034574,17.29794386
116.2583344,0.981781978,0.501452231,93.76493582,0.50804112,60.30802566
85.15419027,0.115049845,0.731590002,87.76929453,0.51661437,8.410953415
84.44956159,0.38240843,0.167536267,94.7166432,0.668484883,12.24531849
94.67491555,0.400006334,0.177441687,90.91067881,0.310255002,13.01246155
99.1592187,0.41645113,0.776799974,99.41410753,0.456533386,29.07758917
85.69288467,0.98269333,0.131479682,81.61624013,0.356174372,19.41536938
83.59918936,0.973763919,0.393736422,89.3298403,0.761420847,34.46117514
89.92238273,0.49412892,0.739119207,97.50854057,0.103082935,22.25710666
109.0467717,0.179464409,0.350591609,98.34896332,0.226851697,16.89833899
119.3320356,0.729449004,0.101465002,90.18847462,0.329718142,36.87642437
88.82550938,0.823946542,0.184024656,93.59947152,0.541662418,21.13088147
89.11744995,0.489773443,0.419011953,88.1606063,0.615348005,24.05491561
114.5881928,0.563080127,0.652417899,89.75822611,0.558530902,53.57273638
108.8593153,0.52864449,0.12672741,96.61498365,0.442394336,23.98227736
98.10455175,0.810264678,0.616002161,99.07320216,0.504946599,40.57069307
97.78009926,0.980650681,0.29151897,95.60831004,0.574331438,34.15858711
96.02828083,0.464872078,0.500836165,88.70895106,0.535160541,29.02875873
87.10390673,0.610279643,0.394405179,85.92668062,0.20556237,19.8435273
112.8766643,0.456879141,0.432257201,87.79382924,0.521081638,42.19164619
94.97763353,0.28348646,0.535921498,92.61406317,0.243087144,15.73761387
108.7937877,0.391719451,0.611791026,90.33193633,0.593146333,39.83452229
112.8363709,0.113140373,0.265296613,83.5811048,0.777801227,32.61348119
86.6126996,0.945654817,0.169130077,80.3492704,0.325841682,21.65716326
95.89669473,0.876827798,0.633066615,82.34382891,0.768578943,52.96636057
86.3321712,0.746947522,0.759369327,90.8654973,0.700685001,39.12141019
90.44878496,0.943845827,0.265648139,90.72826406,0.667177027,31.5694631
104.850617,0.899574164,0.587841969,86.71689207,0.196041757,53.78443413
88.56091228,0.201163124,0.651796303,82.29003091,0.550534413,18.64591161
81.92672111,0.320132596,0.342112235,85.12708385,0.286574964,8.318635807
95.16637973,0.451667453,0.763745778,97.13880197,0.715082636,32.46303009
107.0893188,0.843022466,0.320207003,81.76919527,0.312054422,45.02382263
88.70455144,0.895705405,0.35424717,80.8284163,0.145292512,29.88324197
95.37444189,0.923483238,0.628654919,80.6788537,0.469796216,50.81085672
119.361224,0.633397321,0.200259514,92.15353079,0.309820964,38.72998453
86.21701758,0.590482316,0.715975854,88.14395277,0.535943883,30.8083402
89.50215677,0.195446102,0.718880112,82.46394657,0.238552057,17.79513231
116.2720236,0.838520678,0.498180133,80.23018282,0.711063098,66.17385196
94.22768061,0.654074279,0.211025344,81.15160403,0.218712927,23.82880238
93.99352491,0.732297017,0.53559828,91.45120204,0.323992804,33.05720446
98.94576104,0.453828884,0.11273722,91.48336539,0.453561779,17.94978941
101.7567633,0.520526878,0.250459266,92.74890684,0.368956468,22.91875173
118.7278218,0.468340323,0.626353489,89.15209105,0.177660107,52.06348438
104.2330198,0.82930269,0.618049598,83.97993225,0.260451139,54.06004461
115.3545665,0.889479341,0.652089832,99.67140281,0.494423723,60.54850116
83.53198161,0.235811439,0.122517007,92.20074043,0.360309245,3.368878964
106.7353274,0.208161196,0.782248925,97.23606128,0.389646599,24.65751436
109.0248231,0.545890093,0.451107167,87.93516378,0.348860183,40.67879155
91.44742608,0.393960958,0.313264709,92.58698733,0.321483399,12.62598036
85.07628197,0.406468909,0.37675489,96.13719602,0.664602497,15.40032816
101.8363735,0.91190327,0.761090921,91.56344464,0.167492374,56.10590479
94.27692532,0.5975135,0.344816432,83.16973353,0.356796002,28.1071457
82.2979118,0.713834729,0.461184728,96.37108225,0.300164592,15.95153886
113.901528,0.335893374,0.591023659,99.03194606,0.526202946,34.92455567
119.8135823,0.519537871,0.393083373,82.75049404,0.68791877,54.82087821
103.5687802,0.229406201,0.278815954,82.82434208,0.354376725,26.14881108
91.80405115,0.740584887,0.38364724,95.1016116,0.408598955,24.27182596
105.1746141,0.339909557,0.573880521,94.50206598,0.325759933,27.81200118
115.0288362,0.649333403,0.769980891,90.52651867,0.377482947,59.97082368
104.7844999,0.791847804,0.647454015,85.07049127,0.380974548,54.17467626
87.28322541,0.343412463,0.172520798,87.27968112,0.557895606,14.00814018
101.3618117,0.672972623,0.185868991,98.69288538,0.77757531,31.94788743
108.9606347,0.308296042,0.103979628,96.8564563,0.25255109,16.34937273
106.7938193,0.971456066,0.544130197,90.01220934,0.684776799,57.61924034
102.4410399,0.626824398,0.616854426,86.88033754,0.723513943,46.69935404
101.7754898,0.724277404,0.578543608,87.30181986,0.246139475,44.18141255
84.34557281,0.910383255,0.740264771,99.61184555,0.680087797,38.84423138
93.65328386,0.384356813,0.740934008,83.54153066,0.531698139,32.31134671
85.55685349,0.657003368,0.384876739,99.27207386,0.775503868,25.42742096
94.79465219,0.466455679,0.459013107,87.55931676,0.407832033,25.95900175
88.9503645,0.696208562,0.598675991,95.67155643,0.148146256,25.98086952
112.9482054,0.909719409,0.125654355,94.88746064,0.28149992,30.50963174
104.8010991,0.200306665,0.356007063,93.35968622,0.706519966,23.4608565
82.77658121,0.468389449,0.491516048,91.03143359,0.221799091,11.59188179
98.74167525,0.273141575,0.315593581,80.8460824,0.292327333,24.89347632
88.5581784,0.111663384,0.56499939,80.75672958,0.602838135,14.87040907
86.00777896,0.259275716,0.742573602,99.89643522,0.527441488,10.93029518
116.6544154,0.479093598,0.799627347,94.46447963,0.717144953,54.30573489
97.21474517,0.287529463,0.706452036,96.89562786,0.249403231,18.40736406
85.67336587,0.410812366,0.336577634,92.98020847,0.215230101,7.227758432
117.1956546,0.197027702,0.561639967,99.89970073,0.347646542,28.00053832
86.26817111,0.688021077,0.646658558,94.40339814,0.633111414,31.51446993
96.26564454,0.128499111,0.307027095,82.50091596,0.719485726,19.69530689
109.1331357,0.416855966,0.264323384,87.1551419,0.67408744,36.22930204
106.0849648,0.818449108,0.525227779,93.97192987,0.621794718,48.93308179
106.5185005,0.331010764,0.664254945,88.50650499,0.797795091,39.76344355
102.1713274,0.316421872,0.257715287,85.27719544,0.663801367,28.81580732
105.8744628,0.275443537,0.503239346,93.80208224,0.112152957,24.23837909
105.819539,0.324181791,0.213822007,99.7369715,0.778840724,24.60218703
105.9736667,0.543204974,0.572640474,80.16689428,0.661136771,49.46240202
104.0394567,0.383740035,0.633289228,97.7244633,0.602098077,31.59125807
89.1583934,0.50739488,0.5606832,93.73607964,0.161347086,18.74012864
107.4592321,0.183371944,0.124024369,84.90840475,0.193761473,24.46370306
81.56706632,0.659830999,0.679686085,99.41430448,0.190454736,18.29062309
118.8548221,0.779058526,0.114715685,80.22530108,0.106180514,45.52855642
90.48420785,0.40929125,0.17293166,90.60230397,0.290802368,9.922245283
96.50210501,0.544519978,0.42944347,91.87095761,0.661496935,30.58288881
118.1608596,0.922922463,0.688512853,89.4292816,0.298285563,71.02974943
98.94828543,0.525975605,0.115134518,82.75126463,0.293750333,22.34789098
110.2173644,0.56517943,0.503685559,92.51724806,0.459320287,41.77842224
84.57531397,0.391476709,0.11916407,99.88941664,0.223713706,1.349528594
93.78122146,0.978211857,0.150331552,89.3446769,0.78007834,34.4870212
111.1647536,0.778684613,0.602518134,97.9714149,0.232006143,49.78942481
91.88375177,0.789242815,0.506174576,98.63948709,0.426001757,28.87011908
106.1628271,0.151225075,0.757567592,90.77829924,0.700267602,27.06089051
99.69537568,0.50254708,0.27248203,82.96518047,0.420709168,29.16494802
112.3378554,0.899372039,0.103981981,96.65722445,0.728559507,40.86959147
102.1538314,0.730751024,0.36209272,88.08786919,0.143233656,34.40993129
116.5131701,0.728568051,0.512848568,90.62134615,0.769683434,59.44507205
86.14104485,0.596379984,0.670009521,96.83305143,0.784578434,30.73856407
81.35213863,0.534819671,0.597777145,94.34027898,0.213592325,13.64378708
115.9428808,0.960882571,0.29081958,85.05792165,0.640349506,56.38750254
84.44378237,0.89402794,0.495756109,92.66412332,0.617386717,31.94127367
117.1042409,0.27742508,0.38542968,81.14014381,0.577508607,45.13481087
113.5395247,0.217901497,0.195815768,95.98231739,0.108861233,21.56445283
103.1447345,0.342831539,0.178569484,92.13317637,0.638277358,23.80096113
89.31711516,0.464563707,0.603388562,82.84282839,0.676629647,31.15238201
111.3650756,0.698635533,0.719054489,88.24510507,0.652515087,60.60831238
94.56112421,0.57853796,0.597036625,99.79026131,0.613612836,29.4252242
88.35287311,0.27385371,0.703842905,98.99074774,0.507474226,12.46106151
99.60712642,0.142306831,0.532832002,82.74669953,0.414797592,22.9565711
118.7568794,0.356172194,0.541485193,84.68193332,0.464197432,49.19755992
86.40256331,0.601355219,0.618747787,84.13326664,0.545238667,30.75377357
99.22507098,0.409677178,0.604362246,92.39185202,0.36228538,28.03119971
80.19842158,0.182365957,0.268865655,94.22088214,0.781432145,7.244201974
95.76009274,0.172744423,0.402170062,81.76307454,0.144782451,19.53215447
96.0093461,0.521391869,0.163012095,91.79903568,0.388995984,17.05320309
91.43992316,0.195080907,0.321019861,80.73871951,0.445347014,17.04952418
86.94315539,0.327899946,0.61741927,97.77094159,0.706597641,17.27641125
86.51251189,0.759044031,0.289364948,84.57465934,0.741702283,30.01604607
104.8253611,0.450571125,0.716452782,83.74515407,0.745806793,47.48278771
102.8267475,0.282948689,0.440922059,97.56618141,0.305127999,17.72422043
81.83428799,0.282616757,0.430949642,89.8647768,0.200456395,4.723911766
105.7048492,0.557470208,0.657726676,95.39164805,0.255488478,39.81095224
104.1859653,0.159365009,0.752255847,89.8165921,0.237406579,24.45747362
113.1465629,0.710878789,0.419306699,80.74811877,0.484734744,54.0781815
110.4141769,0.467586161,0.751592667,85.28138275,0.637915686,52.23347907
93.1764238,0.302028338,0.604846046,95.31205137,0.405109998,16.33912231
109.9639619,0.291035037,0.664117538,93.70481536,0.513246509,33.89809631
85.96313913,0.926743381,0.467881055,89.42505796,0.159159725,28.03100362
85.64128023,0.749377461,0.617856365,82.2067844,0.547809036,36.36282292
112.6478549,0.759151831,0.742856767,89.01274037,0.209491407,62.1445723
112.5220588,0.165539033,0.376291739,94.63221954,0.692066513,26.60813439
116.8532994,0.821413819,0.39222467,84.96142522,0.408597367,55.58522774
107.0072448,0.817904222,0.465165614,98.12248386,0.745791483,48.17335091
102.1614055,0.226635603,0.742617956,96.67219755,0.421899784,21.61162262
85.35805573,0.718902023,0.661834241,95.76086998,0.689041823,32.62706466
80.35182409,0.634369385,0.100239519,91.59768097,0.647054941,14.0043806
108.223565,0.407335587,0.438827382,80.24333148,0.146131068,41.05208762
86.33173688,0.503011897,0.155706122,91.65358061,0.223985055,6.206690487
92.94525743,0.539748366,0.757637393,80.76822786,0.223351416,39.43082399
92.92085648,0.49863386,0.586630234,82.96393658,0.511216234,32.51172437
90.0922964,0.240234752,0.447947024,95.68953127,0.1791964,5.607915692
95.99993006,0.829470702,0.586684225,95.2935682,0.559783279,40.60227843
100.525972,0.234949315,0.5021587,91.0733598,0.232333743,19.66597473
104.339355,0.401326143,0.29272493,97.90609473,0.751955819,27.44781425
109.5920051,0.446216064,0.647982534,84.55767374,0.172094871,46.23975632
114.9542093,0.408283125,0.199086685,95.39779587,0.450094519,29.31929681
86.23302402,0.669188022,0.420984458,87.16101985,0.231515098,21.25700454
91.48425673,0.235397863,0.57696595,86.97759871,0.611806308,19.46471143
87.6957201,0.123279178,0.359163226,80.33255281,0.698783145,14.75909525
118.8001571,0.44540285,0.204426061,92.05423326,0.625167612,39.54415993
115.2217069,0.791212887,0.115837431,90.61272688,0.430591645,36.65971355
83.13543668,0.71379416,0.547142952,94.03079494,0.132946871,19.59689455
80.82750241,0.52671623,0.187086565,91.92024546,0.538331175,11.85444071
81.71103823,0.119769451,0.780940763,80.52366253,0.699783966,12.57053529
80.9426565,0.950482004,0.118883573,92.52689992,0.619618646,18.15855343
116.139465,0.714761857,0.230568115,86.31815182,0.354625063,43.84656734
82.38531163,0.861440393,0.369114716,86.56438034,0.757983531,31.21070664
85.72021517,0.464414085,0.623701344,90.31677424,0.116838465,18.12682719
81.10932551,0.977805494,0.22770838,85.62602953,0.396959168,19.22954064
117.6227501,0.288770309,0.491111501,86.91428586,0.184754414,42.25153596
83.9999192,0.528532916,0.440810874,98.91948563,0.790121582,21.54295971
82.62279192,0.584950959,0.40344729,81.82629375,0.584068058,24.11844128
100.9893201,0.139262021,0.600913168,82.40461399,0.703456817,26.88544623
104.0960619,0.726543,0.762771574,97.94575747,0.104315119,47.82350304
92.15664726,0.918089184,0.159074084,83.9198796,0.747508241,33.60103345
96.69554473,0.171647897,0.193351406,85.46814832,0.175727377,14.01000457
116.8241734,0.856866002,0.705524289,83.98079415,0.34156474,71.23510091
107.6322854,0.765134027,0.220769111,97.25963352,0.715470671,37.94846725
86.05503577,0.39623067,0.607155415,96.74036244,0.369306361,13.57047622
109.4925545,0.992602288,0.240100738,90.53378055,0.752946729,50.86761881
83.07528882,0.146070234,0.372685208,91.30934229,0.363796491,3.203328211
104.0715478,0.932974418,0.707890428,91.67656699,0.208338398,56.66621059
113.0976931,0.167653015,0.137114161,81.32319428,0.346507793,33.74477007
81.69644842,0.557965573,0.527316023,98.55271443,0.654279334,19.41387763
96.07427563,0.514473588,0.102812192,93.11829243,0.795766538,24.93309752
109.1499902,0.718264242,0.512475943,83.61303461,0.779884669,55.13433418
106.7516472,0.616087861,0.605670919,93.53546955,0.522476356,44.20188318
116.3508513,0.864714244,0.668189428,93.04460813,0.395364965,64.78938093
116.4857237,0.748637433,0.121943823,85.08278074,0.492675003,42.31790673
116.2952828,0.803041907,0.219651248,83.20272246,0.657656744,52.53380544
119.6366502,0.801962808,0.244967616,87.19407283,0.121828584,47.68330293
87.78987258,0.671040432,0.600756759,95.8282499,0.686678561,31.13114191
97.99684865,0.782287425,0.188129229,97.3995144,0.774658728,31.67846542
107.0621311,0.130215224,0.478971331,98.55413089,0.610023997,17.9020317
111.4806487,0.765103717,0.476555668,90.04223006,0.419100343,49.71074639
111.0790336,0.303048192,0.738492367,96.01688489,0.224651064,34.39853012
91.81723699,0.114435271,0.277375414,81.68597844,0.612895911,15.14004925
99.41679264,0.875770388,0.237047303,80.36469689,0.341482847,35.1654771
86.96308949,0.14952257,0.435994641,89.41015411,0.261513697,5.353953176
95.06328173,0.75770803,0.362501076,95.78323853,0.42690845,26.24657896
109.1737497,0.67036616,0.26700507,99.64584504,0.393799815,29.124597
102.2620858,0.620145384,0.586286492,81.1274371,0.29507877,45.62960635
101.794564,0.581827226,0.624385657,92.19466733,0.730059507,42.39244815
103.6121894,0.765085186,0.469271284,82.5698534,0.207391604,45.89842184
109.88469,0.234405394,0.668305922,92.14570408,0.352070413,30.94654808
108.5165951,0.567461505,0.624513955,90.08198609,0.513712988,46.12030635
81.17059415,0.148190968,0.602663855,88.19816073,0.656049133,8.333551653
92.60802984,0.564091844,0.249316987,89.17269102,0.524799038,21.84488135
99.42433473,0.804839173,0.104888663,93.90764073,0.795927021,32.70864034
83.49939553,0.101867671,0.460620791,92.80582316,0.300108015,1.369519582
101.154883,0.186992846,0.326146037,94.13914336,0.466753325,15.51669228
114.6189492,0.883110437,0.25759836,95.77858418,0.647095842,46.79117244
83.26455854,0.185639021,0.580603377,81.48202125,0.685936514,15.18967484
91.03747433,0.821063186,0.355339279,93.79155526,0.407500546,24.87777328
93.37209622,0.466639663,0.673986324,82.04099872,0.695476977,37.10461614
89.90673949,0.45099586,0.293117642,95.13221871,0.750532345,20.48125146
108.8236603,0.470634506,0.759458224,80.46590976,0.36170242,52.15857829
85.40772174,0.162509405,0.262289978,92.15715488,0.481279504,5.335676605
104.6488661,0.301233086,0.674574505,82.14911798,0.720049057,40.05749015
89.26093293,0.99306664,0.515616245,95.19693145,0.268880912,32.78831915
108.4558789,0.80503458,0.361191262,92.71812075,0.398568569,40.70939061
111.4671062,0.243109695,0.551621323,82.4727765,0.675117472,40.7827081
95.58454937,0.472253357,0.721825103,82.71525557,0.603195322,38.4690381
110.8236859,0.216738827,0.626485314,92.99016663,0.169244539,29.60964209
101.581242,0.494736883,0.14220677,80.22395091,0.76606761,35.04599297
117.821927,0.760308712,0.11859691,93.14101529,0.743020918,45.67476661
94.39945677,0.519901498,0.534374031,95.94838676,0.147044009,21.75265096
84.66872559,0.834396938,0.325988794,97.28051424,0.560972573,21.90063938
93.39934837,0.139985602,0.594974181,87.94678733,0.211090493,12.54138904
90.04654368,0.934316063,0.194659271,99.15577012,0.215751327,11.16742225
112.5820198,0.900978974,0.554135566,87.78209247,0.673496578,62.2103542
89.79829463,0.940931276,0.503462028,80.85119127,0.485664407,40.59836292
108.6757088,0.984726561,0.208910248,85.49293646,0.679277999,48.5164074
80.0550806,0.798397599,0.651897858,97.03648222,0.783837733,31.78426537
100.8002142,0.276113748,0.708014652,91.69630275,0.106744305,25.38342477
95.50196219,0.132976592,0.537373315,94.86830549,0.229764734,7.893247782
95.72721619,0.579869825,0.484053255,99.68945723,0.329980062,22.57716884
117.8831753,0.204954439,0.109990202,87.79759984,0.136920268,31.9996332
96.36584081,0.85427212,0.179250145,91.51282277,0.579367112,28.82501468
85.84086406,0.911445184,0.121874827,91.17455263,0.263046847,10.72542676
91.15964772,0.554878798,0.310630581,97.30937075,0.371641756,14.77484895
97.31351358,0.466671887,0.235675894,81.74492298,0.778722793,31.95139989
102.6749649,0.262094284,0.537145277,93.68820799,0.419614782,22.68816074
98.47624359,0.477280914,0.122094241,91.29855965,0.15489059,12.93330023
94.70871181,0.460931883,0.136560322,93.34126121,0.59669894,18.67967835
89.72949298,0.634066326,0.310666728,97.61570386,0.532138433,19.19628377
115.530893,0.262976748,0.653027436,89.40012905,0.312160694,40.01489558
110.233933,0.290731965,0.432387112,98.04194062,0.348155329,24.61166394
115.9393475,0.632669714,0.78361796,85.70864295,0.612046852,64.25539295
117.6405659,0.104234606,0.13593033,86.72755411,0.218222055,32.07441744
119.9566393,0.510537939,0.275191683,84.01701154,0.745301103,51.61213178
101.4358983,0.104067123,0.250753934,85.9212261,0.68079259,19.85419312
94.04459018,0.100100155,0.453552852,90.10937253,0.158766522,8.044976343
84.59587505,0.529896433,0.331229274,83.14624446,0.169096262,15.00538306
101.6723849,0.624358506,0.424928482,91.4333657,0.483766545,33.99258124
86.52454153,0.371212863,0.407189753,96.95362181,0.36534779,9.298716819
96.4501129,0.794200431,0.165947361,97.55680781,0.33465737,16.96976918
114.227639,0.997796365,0.408622984,82.59484377,0.440131684,59.8078396
116.4719693,0.101238191,0.296123224,93.50242883,0.428624195,25.90601207
84.42812542,0.179782501,0.743809997,90.99119507,0.305360048,7.06545321
107.1603917,0.399747926,0.354465188,81.22415623,0.397045505,37.28580644
116.8556416,0.621471598,0.45318002,80.96029231,0.37415292,55.69324318
116.278095,0.476752778,0.509260261,87.2803247,0.332573175,47.71674185
81.95267828,0.229130221,0.550222783,86.50439211,0.647053454,12.77507929
103.0339014,0.354101675,0.350657506,90.88816305,0.491320513,25.76027224
88.54967009,0.215865225,0.619361053,97.71695576,0.649269096,11.98707346
97.75403246,0.685154589,0.786720062,88.35821258,0.467605307,46.9088369
96.43541459,0.463445479,0.16504092,88.31501116,0.400046267,18.66412954
82.31766539,0.74626909,0.336311087,91.58154277,0.50134636,19.30243915
89.73226938,0.561562929,0.671786917,86.39422807,0.327275708,30.73147159
84.21138836,0.598980205,0.631596959,85.61851518,0.122570911,25.6700818
84.30810087,0.852656292,0.394394433,94.0339585,0.218909441,18.10486058
97.59458459,0.705166432,0.230961256,97.41543582,0.441597036,22.15433174
84.4710891,0.130108578,0.608674848,84.87927841,0.302643062,7.341516742
99.92157719,0.132495335,0.415286729,86.33816633,0.569663797,19.86507095
97.20222735,0.300283197,0.122399393,87.58535621,0.423251041,16.44412147
110.4961165,0.245085024,0.298618595,84.60606366,0.244015093,32.08785579
87.82520833,0.871706859,0.3817707,91.01570525,0.151486871,22.67404254
103.0701925,0.568416282,0.337731364,84.94314796,0.208042171,32.88638934
100.2192166,0.303596647,0.122675282,80.35485319,0.774973778,28.85428274
117.8478966,0.752537669,0.331994315,94.17498067,0.645255068,49.55267811
83.62891974,0.326351079,0.610339263,81.46637527,0.603744377,20.84193799
94.3738776,0.76913737,0.132578662,96.46148177,0.39376148,16.21711269
98.0113897,0.660963887,0.126862079,85.87186886,0.709381794,30.73255114
92.09575081,0.462827881,0.683747607,83.85089237,0.693471462,34.59308761
119.9424673,0.570514189,0.195862923,95.26532978,0.141050485,34.81423622
97.07100786,0.125497959,0.633779242,88.15869977,0.385294681,16.17320376
81.68905083,0.5137938,0.110967357,88.98062368,0.137646473,2.206339112
112.9036852,0.823994652,0.535316355,97.74660593,0.725026932,56.25947086
82.87655055,0.403659784,0.752411651,99.04570911,0.395068377,13.60971424
95.10708146,0.917567894,0.108674364,91.44648064,0.781557106,32.61498833
96.525956,0.189051739,0.354441529,84.87314823,0.571077942,19.96860527
89.89732999,0.487013044,0.695633914,96.3151767,0.239841055,21.68799865
117.8168149,0.960076568,0.207609235,91.36187721,0.464964838,46.73696445
88.98135564,0.337935884,0.287794233,97.04410072,0.707516487,14.85719481
81.13524314,0.295002034,0.595667984,81.72267515,0.410024545,14.60466857
106.8725346,0.832326355,0.489843255,83.24170183,0.781075799,57.84147111
105.5856137,0.160781863,0.797843284,92.50789755,0.690371457,26.12755684
89.66554129,0.288077399,0.793001624,90.56504449,0.29346383,18.08962693
96.0405905,0.640053673,0.272741853,92.33657574,0.397253549,22.43634165
84.01542693,0.438281724,0.550420219,89.01439769,0.635470392,21.29296836
112.6384269,0.685437859,0.585819492,84.9126739,0.574481226,57.69633768
113.6931417,0.65556159,0.306032934,83.42751848,0.341871866,45.9167957
83.18839242,0.890422228,0.411486024,86.40875054,0.161237995,23.33751018
