S0,T,K,r,var,Swap_Prices
93.28903374830466,0.204026747661686,0.204026747661686,0.6286967499638473,172.2317382015192,194.5325459141572
86.06464701591815,0.29852334940568703,0.29852334940568703,0.3521474948413087,155.9368566571175,185.2692323412929
105.78615162627446,0.5664611021593593,0.5664611021593593,0.41383694463190224,113.52936308679163,163.97737307524557
113.27122094808084,0.41582788388155,0.41582788388155,0.21356854843217832,141.356310855129,183.4359424617703
91.62188407051156,0.47575987124928043,0.47575987124928043,0.15391160821148975,121.66280357830296,164.11554461903148
112.53654489523095,0.882927670769841,0.882927670769841,0.3388170741658434,61.35062198701958,115.46633019882653
112.97109945078228,0.14512495859514682,0.14512495859514682,0.5762893648931313,162.57343838820728,178.48773551706194
114.40171625160747,0.7920801620741083,0.7920801620741083,0.5349054055732182,85.14064989177241,148.0041344195971
100.77603812898948,0.9808974561735242,0.9808974561735242,0.7445699581003846,55.504999431217726,114.87928625774674
110.65898367658149,0.9256623231871267,0.9256623231871267,0.1365343310426369,70.7174027679942,139.0437441939762
84.88302165729226,0.8295695735406572,0.8295695735406572,0.5596943767650202,63.48418527196127,113.42881698084103
105.64388635141091,0.730205478700115,0.730205478700115,0.2373299888190332,82.0154764497278,134.294870769215
84.49660265950115,0.7697591818064764,0.7697591818064764,0.4019116862596579,83.09534562155702,141.8268415889764
91.9010596448452,0.6412342563191312,0.6412342563191312,0.49466081511101123,92.92881548160949,142.09154964452298
98.3215410395695,0.10281491210718013,0.10281491210718013,0.5885261539419889,153.79066271404864,167.81160202247523
102.38691856965596,0.5983738575050582,0.5983738575050582,0.3301852109312661,114.70239701658859,169.91046823880674
92.71133324372376,0.6611148045523253,0.6611148045523253,0.6687670537885737,73.5214967858642,113.99286952440501
98.28591397571202,0.5538522073652714,0.5538522073652714,0.5300291239698806,84.10627177306624,119.83183571227056
99.59250578539849,0.796170388156388,0.796170388156388,0.16943053400042773,69.47595110581666,120.96996137105748
91.778692459395,0.9673858270923352,0.9673858270923352,0.7834738000243915,51.50423274544946,105.04932447816
115.61351462856334,0.16480059137910047,0.16480059137910047,0.2961956236530972,166.1639810686108,183.54599737424948
89.02036671459733,0.18465213846418116,0.18465213846418116,0.7583842717068093,141.77735969472798,158.4049496897622
85.98571578513487,0.69516032700152,0.69516032700152,0.6112267999843837,88.77395440529718,141.36914765012293
97.96714291125419,0.9352341233922734,0.9352341233922734,0.5208871454614722,51.511621604076915,101.7717873372702
80.18474829982497,0.10014565418294946,0.10014565418294946,0.14080624368632189,151.4370081941682,160.9667175601427
111.29711726241601,0.720231903119917,0.720231903119917,0.5836744063159874,89.75804292513952,146.4075065941191
93.9557293831256,0.29535023238204633,0.29535023238204633,0.5070926873008005,163.6308315167629,194.7446516713848
111.75982128963942,0.5802209260683093,0.5802209260683093,0.4458681616249114,119.73900745754129,173.82941617069744
90.90031108067501,0.4034619358452376,0.4034619358452376,0.2891032363629097,132.15408452313508,169.76181098088483
89.83634484451271,0.22085916824057816,0.22085916824057816,0.10830977519965543,158.00429200102894,180.84580060724647
103.31565055662254,0.17689988593974065,0.17689988593974065,0.5637107724403493,145.60582968872615,162.4469802243309
85.2892084433278,0.1162803030901791,0.1162803030901791,0.730599467786853,177.2581755930137,190.18051935138422
95.15213876684933,0.42067312026190107,0.42067312026190107,0.4110539101683036,109.79945898380633,141.57683799353256
119.99601833919085,0.4535610032359352,0.4535610032359352,0.11895279867830906,141.47070278657984,186.64350713276997
92.93845502652717,0.5930132969841012,0.5930132969841012,0.24050715029185693,91.44509176261158,134.4184393430955
105.96102772521726,0.6118394892925159,0.6118394892925159,0.33585910788571205,87.73833371066034,130.4885996518584
119.91324634715349,0.29512209025643255,0.29512209025643255,0.7027749670142608,134.97173244886906,160.66144212688693
82.81132827624671,0.751123427463007,0.751123427463007,0.4518476421150929,75.78387101545616,126.53722286561799
89.38230588786404,0.9992127293424469,0.9992127293424469,0.3064389109013159,48.46194488978321,101.97541038592402
95.82185356600094,0.8851173685481738,0.8851173685481738,0.6147482084366913,75.06215391618018,141.88236155085698
80.70053099613332,0.8583954978622922,0.8583954978622922,0.2733594964642899,67.82063514539946,124.69473805284743
114.91394162908566,0.4723855808923575,0.4723855808923575,0.41059960341486834,101.89252274518613,136.1981312097282
100.22703388805432,0.15179232349178215,0.15179232349178215,0.3547516426576178,167.22530546738275,182.27513153793745
88.02740888754931,0.12264298201718363,0.12264298201718363,0.6219821238164385,170.62382181666928,187.8079610112187
115.17645719627063,0.764325483874918,0.764325483874918,0.7507347702875837,67.31851557435762,113.82176097937547
96.52225189129975,0.7100366662257049,0.7100366662257049,0.7158877735233845,99.68783901420105,161.7272601310948
91.25343062381046,0.11182800366754832,0.11182800366754832,0.6099190907365888,147.76794360281008,157.80866715255087
98.14190927676735,0.4119950578529744,0.4119950578529744,0.7649410088058916,133.8570610386476,172.80684233042905
102.42171243561086,0.4945904450853815,0.4945904450853815,0.2853274307733681,96.7897104911464,132.11822004152117
102.349097632344,0.8942546288453191,0.8942546288453191,0.5365146741890644,78.22640118414276,149.54410151629244
94.81948476252242,0.8504899944484632,0.8504899944484632,0.3249723836644828,59.95420880531559,109.44107376396269
112.20684877002364,0.654236972777889,0.654236972777889,0.3772064251270071,90.56968013812255,140.1361457554855
91.71611493805779,0.3612181529687294,0.3612181529687294,0.6479921829248053,127.66209608853556,157.70448522437158
96.44131949848133,0.8483186506622622,0.8483186506622622,0.5714955140556713,84.667834813052,155.32240607096156
112.13933360113151,0.5051809069233165,0.5051809069233165,0.5266983968668693,115.27629456869667,158.39803287638208
119.33446907150514,0.5975905449628998,0.5975905449628998,0.15447106197960245,98.2675221650707,144.84505976993555
100.38156701533681,0.9845642491987312,0.9845642491987312,0.4594345801610814,57.53049519634525,119.39976297198292
83.43411403273231,0.6449409704403745,0.6449409704403745,0.376008696875899,85.97583927028319,131.59585168149206
110.79131979969873,0.8433548738934322,0.8433548738934322,0.2627572759320823,76.75804869522784,139.6670613407219
117.03004027144003,0.27218499749735525,0.27218499749735525,0.24761624375386931,174.4540147252964,205.28374248305437
101.68431565120463,0.67194439230331,0.67194439230331,0.6881198044114067,97.93509555564683,153.16379585796486
92.1367159461727,0.5755035771500233,0.5755035771500233,0.34351846198117153,89.03758350396447,128.7185218156793
117.57316513940546,0.48903615567042746,0.48903615567042746,0.26228410125355134,110.13890311875143,149.1624202499319
82.14143666749354,0.7027134122045433,0.7027134122045433,0.2904360353347606,98.060274925085,157.30793531955248
96.06168061175372,0.7828282354751726,0.7828282354751726,0.13100419805412367,82.73413072274992,142.34369662671523
107.17480765108964,0.5145457788258914,0.5145457788258914,0.24005645712036577,127.99055549427555,177.07543734229725
88.69791394663912,0.4660476547723248,0.4660476547723248,0.37267823146820034,113.48150883241038,151.3512707879274
102.25555325587794,0.4929472245419311,0.4929472245419311,0.6766823966006043,115.4481460746845,156.96536011554116
111.8483929071706,0.19633491728450608,0.19633491728450608,0.6876068685347099,175.1958310233512,197.1086819902796
115.81520645214039,0.5326968846110673,0.5326968846110673,0.4352578643165943,99.57162241105094,139.34327170053018
94.72748595812824,0.32375535345422946,0.32375535345422946,0.4599635771152649,164.97924836931378,200.60509625256108
92.40661395602702,0.5965200089363386,0.5965200089363386,0.37872717807484435,89.8755539470578,132.25645245362915
115.30220425028432,0.6892980755762738,0.6892980755762738,0.7579469757744547,77.88230960385948,123.89518698026407
94.03778870028306,0.4852199234662662,0.4852199234662662,0.31034250847970113,135.77218523065227,183.54198347420186
115.81292642777868,0.4906448472211006,0.4906448472211006,0.30530484054913687,120.31819239445188,163.94568039541394
98.48500698533881,0.6469898763078566,0.6469898763078566,0.4876053607620874,94.97210533884737,145.1106961764048
96.54195258956317,0.3349651429235933,0.3349651429235933,0.5152465076206527,142.6086752003971,173.75072706776314
83.78689060076164,0.2823610227521485,0.2823610227521485,0.4298567035458969,159.85298024290555,187.97442408086053
86.5906696021847,0.9073537868020275,0.9073537868020275,0.7639291958403093,63.64569615366849,122.6815199129944
88.01008885177698,0.39963786374966326,0.39963786374966326,0.18938839283354994,102.83263606171778,131.54136975560687
90.90774539333685,0.14842468457889557,0.14842468457889557,0.2916574862846105,168.0551884293262,183.3160781390423
116.48740122982117,0.6618293112499902,0.6618293112499902,0.4162957311367994,96.6464891798129,150.45119368086102
105.32800985049589,0.3143055145121237,0.3143055145121237,0.30470805221069863,143.78472905478563,172.62768489219454
85.0888355724835,0.849016592833336,0.849016592833336,0.32676421725802995,61.62719953066677,112.61734226646253
112.54367143324095,0.4955045414939445,0.4955045414939445,0.3655541638285318,134.00303866835472,183.57217651262613
95.03208483738278,0.5113591926670474,0.5113591926670474,0.30233492226162373,113.76873110204663,157.65039441023856
81.45198919087616,0.9560457015694963,0.9560457015694963,0.6416510450872166,50.07831858226704,101.0534301654027
87.33779797988284,0.5665039935769315,0.5665039935769315,0.6565294963757511,84.44841374247724,121.57299395157395
81.71899666640647,0.5173941661098105,0.5173941661098105,0.2755598899839341,94.90709673192045,131.77000556055444
97.60990705111175,0.4016441086329753,0.4016441086329753,0.10802785658937342,133.5031016536577,170.09125080611912
89.01879709408348,0.440305399144179,0.440305399144179,0.3657043043175352,136.79859679535653,180.35327306194978
87.719622741023,0.8757724835128777,0.8757724835128777,0.2051158789367053,76.05552031907516,142.92347404006486
84.8545817583314,0.9405038440978785,0.9405038440978785,0.4980717363789975,53.47297056263199,105.94941677638386
100.34152328039035,0.561748440883739,0.561748440883739,0.6824539259259518,98.07040254710527,140.75074412415805
95.70397292041157,0.82501981094901,0.82501981094901,0.25100385266187375,60.535819756745695,108.30552177782019
110.66159003046481,0.2704279072981457,0.2704279072981457,0.6339944208022468,159.9769396610539,186.19947665154714
115.4895483940978,0.4776126319098212,0.4776126319098212,0.15409340457950346,97.66601131796976,131.453193491782
109.50668689022916,0.49674780568545485,0.49674780568545485,0.2801291406524443,122.33008353724951,166.53104136921337
110.76179632671354,0.917355095807314,0.917355095807314,0.33987401800247874,63.227396730671245,122.83348792958928
109.51794655938579,0.49820060417779366,0.49820060417779366,0.17264914509088874,93.88195405097972,128.29150709227952
93.48023409300107,0.70217040095355,0.70217040095355,0.16618677808609875,102.83360129326196,165.68046354619113
93.65059509020168,0.2169388121030421,0.2169388121030421,0.4401993493003117,138.09327419728754,157.4956059621502
84.75242221245946,0.2963591793134738,0.2963591793134738,0.2427511929854229,164.21696943321396,196.23829434370967
92.7968064779522,0.5681271495356164,0.5681271495356164,0.5398792608062513,100.80332964883644,144.7236750150626
91.75994733802115,0.399145388018014,0.399145388018014,0.6149442290811319,110.60176217232757,140.95240373095038
82.47135716583054,0.8973247372152805,0.8973247372152805,0.20979156532630597,58.91531085670908,112.22677333002619
110.94347175230203,0.2008700148726309,0.2008700148726309,0.6285354217348381,178.4960870625846,201.2235065679336
109.42585321053446,0.4735108002116897,0.4735108002116897,0.41737837148462187,135.43481352010636,181.5313326418877
95.25804731730642,0.4614329877062687,0.4614329877062687,0.6205412028739307,95.81774310279147,127.26542839155888
80.45995647858736,0.8783267756156263,0.8783267756156263,0.268061747646284,66.08393714334692,123.93249956474989
91.88631223519633,0.33422872653028723,0.33422872653028723,0.6979537663038422,130.74889715495237,159.10952347483
80.06321168740745,0.2220175989122466,0.2220175989122466,0.5971648092518768,143.18860112704095,164.38855117806807
102.52078121023503,0.7224549470923836,0.7224549470923836,0.2896786205454972,67.28736149644097,109.50274541749074
93.1469273618261,0.2188974119903258,0.2188974119903258,0.3114694854974423,163.17780469509594,184.3719229742614
103.41549800683433,0.9216128773164077,0.9216128773164077,0.4104691334781795,62.75181961854134,122.48312919025678
114.03992076464166,0.4076564798104483,0.4076564798104483,0.24374556183210588,118.28833539908705,152.09658703262798
83.64079913139315,0.6235700599541563,0.6235700599541563,0.557704399504597,95.96939061186494,144.05536820511745
113.6104805961725,0.2639167254802366,0.2639167254802366,0.6222704831447787,150.82478602799662,176.27056715526783
114.41730081845489,0.5875133658554177,0.5875133658554177,0.269321460650516,99.86653335496635,145.66686571379807
105.67271877108894,0.6748900249710471,0.6748900249710471,0.33407706014191174,103.06092134483217,161.40072149887047
91.46908470633439,0.2045063348553079,0.2045063348553079,0.2581984108611608,172.00988672921733,194.42599130506622
109.97620496920806,0.8221518890967735,0.8221518890967735,0.538950200575316,84.79709462123974,151.19444143842364
84.85526656918954,0.7882701492538152,0.7882701492538152,0.5983539831174838,89.12045018167636,154.3589876350783
80.43876267993436,0.3554326008531429,0.3554326008531429,0.5107978835643455,147.0608997632057,182.23269353338264
83.72033717775254,0.6911040821070206,0.6911040821070206,0.7966316925780541,98.83448591817866,157.18853832296503
98.0357927223786,0.16647537143833893,0.16647537143833893,0.7245603776867201,198.47459072977207,222.10402181481297
109.07394339534412,0.3677733110104813,0.3677733110104813,0.5346290816753804,157.15830513856673,197.0351729806581
106.5308230217987,0.4219496663345179,0.4219496663345179,0.21177916663670343,118.09614056605483,152.3691145614117
115.11537915334793,0.8409031896246267,0.8409031896246267,0.796131064831791,71.6996768559034,130.2698139154977
91.88745871668759,0.15224608792936664,0.15224608792936664,0.29261637883434477,187.49016526815788,204.7781043176915
100.44667283399662,0.2671086682226702,0.2671086682226702,0.5235069555641387,143.69664895157723,167.8013391975014
98.78480228782769,0.8036020914228881,0.8036020914228881,0.5526436533019167,88.500947909617,155.518086772336
88.81513472747486,0.7581020635364004,0.7581020635364004,0.6329742638479494,92.18257120898267,155.07715951924442
108.97632913573834,0.38008214167008125,0.38008214167008125,0.6139171334283813,109.82733091666013,138.5596654751507
82.13102644879046,0.2319585183762553,0.2319585183762553,0.2879884124660999,135.93551346127046,156.09186704450863
88.51014798368199,0.6668891558965813,0.6668891558965813,0.6067361351299975,93.77369475945828,145.65130437617972
89.47485295207231,0.2047078173824778,0.2047078173824778,0.11833165068657824,169.68273210557328,191.78693156023232
116.7808543269379,0.7452703576328433,0.7452703576328433,0.7851755529150392,75.15097248476052,125.28877045241175
109.70572283791797,0.5856411106018947,0.5856411106018947,0.4240026130542085,115.00862178816213,168.11787148479831
89.56228214556396,0.3191510615884142,0.3191510615884142,0.2918297203575491,154.39462458515447,186.67689338209516
94.52603708193485,0.8072269331533981,0.8072269331533981,0.10535994046780897,82.93228204441765,145.90844781546113
110.06344495986056,0.4634514530286904,0.4634514530286904,0.5312256208899243,133.3279612304037,178.43852191259418
97.73039166096675,0.7777751868982025,0.7777751868982025,0.2331412362320541,82.52042921939386,141.91714271736586
102.46433559929349,0.7608492646217392,0.7608492646217392,0.5743000884314164,94.36290575372571,159.70131944629304
83.4804659202993,0.9829809043401979,0.9829809043401979,0.434889553819909,68.16408601749198,142.041805420835
95.53082476875534,0.4356252447736404,0.4356252447736404,0.4718275283967177,119.46153793655425,156.65050522075128
103.67074220783887,0.8851923257644907,0.8851923257644907,0.7331283338703042,59.79574446932366,112.51849741099565
98.08422982760094,0.6520600371320311,0.6520600371320311,0.5971393272665637,75.89734070983293,116.72633663217309
85.0873450385848,0.8550804888054923,0.8550804888054923,0.6187975888325125,56.10851757174689,102.74766810365341
113.8539766056749,0.11125648492691033,0.11125648492691033,0.22008897831607094,189.63616068449934,200.46660402266434
119.46115101880423,0.5656126137748742,0.5656126137748742,0.4426597059647669,97.48710630095862,140.34756863129485
109.54665116752861,0.16021131063333813,0.16021131063333813,0.29077084129468567,150.4977796895367,165.55804924256532
99.81879797201101,0.7728678229069119,0.7728678229069119,0.758793732061817,88.97010308305515,152.17891123782545
109.80161505450275,0.9935911242005706,0.9935911242005706,0.7592322413234113,50.06082662084655,104.72695197605539
107.88017242744965,0.48792359867960877,0.48792359867960877,0.600031115297491,100.02779978637297,136.350745185093
96.20783860563785,0.8340858031505745,0.8340858031505745,0.15650239814291134,75.2202445129121,135.46128195531963
107.4116772668347,0.8479238899938242,0.8479238899938242,0.4963293992178952,74.55777624849789,136.38165367470285
96.26315233235573,0.7782562308975596,0.7782562308975596,0.5581901324691126,66.0331213805187,112.7323753523579
80.76504068615186,0.8520196018179585,0.8520196018179585,0.6101822392205519,60.791125269235195,111.27917191782666
105.66950220116328,0.18986309886267833,0.18986309886267833,0.2321188950161032,157.84672795517565,177.5930019212224
89.87121628187973,0.8379919901295196,0.8379919901295196,0.7849439944111528,60.70206863981657,109.25190927639176
117.39720466633416,0.6157329372213269,0.6157329372213269,0.132287330442466,114.43385748888657,171.02968381347227
84.50938902244198,0.42117822422808293,0.42117822422808293,0.4185680527680301,141.47896367367858,183.0188278043011
100.9863312383003,0.12343821744117964,0.12343821744117964,0.703307787805891,175.63300682724565,187.78228627038268
100.07190428356317,0.9713532821790718,0.9713532821790718,0.3994082224420863,52.296342831021285,107.17659744920957
117.25265479848466,0.427467239488174,0.427467239488174,0.5991337805311343,114.44873030868916,149.081974799588
117.36011097248763,0.7964764797154674,0.7964764797154674,0.35354352563187885,88.45693590129686,154.4508897358553
97.9463163545315,0.39014725085453905,0.39014725085453905,0.6009901654435486,110.1656871401092,139.42340428916393
108.56020163670875,0.3409958606218574,0.3409958606218574,0.2261508211799437,155.46390623341148,191.39842877490713
113.4989827662307,0.35017431954144695,0.35017431954144695,0.6270519426024511,144.93448067989587,178.33700093990902
104.46410157086605,0.17294483953267184,0.17294483953267184,0.46331222306269015,192.60623467009015,214.4678597055798
104.68500529393239,0.31408388139149845,0.31408388139149845,0.6632245468909863,142.43652530231196,171.2351119129649
109.52340822969907,0.16666169088277344,0.16666169088277344,0.22030943757257798,181.99248710627455,203.80657609160178
90.95406358066501,0.5694565004078158,0.5694565004078158,0.7860977960676235,82.29561367652798,118.49823762532147
98.83763060158648,0.268302598165507,0.268302598165507,0.2684444031912575,174.51103800964407,205.2907256448404
84.53772432996597,0.8230547983185484,0.8230547983185484,0.5944718866185436,73.39596962215485,130.91838770342943
115.17382356187889,0.5651508011923497,0.5651508011923497,0.19781866214433302,120.07295684522045,172.74373334232803
117.30253625385839,0.6465740261217867,0.6465740261217867,0.43627934633927024,99.8715502458689,153.70381669130018
101.86021125354314,0.8084701517187244,0.8084701517187244,0.31056093541580787,59.9411930217333,105.32757718531833
112.57541530669081,0.6499579171758043,0.6499579171758043,0.30192732517734033,95.1251392719002,146.43587155037744
101.37773626459025,0.44697211507097045,0.44697211507097045,0.3380012836079068,102.75666621654105,135.72056347342942
118.99263974883392,0.3242588019489504,0.3242588019489504,0.5882256288310271,154.8903673032621,188.58605239526062
81.79063754688173,0.5281247167617407,0.5281247167617407,0.7770816904591052,128.37323804138197,179.14537354718126
93.41581523414628,0.11300508089055672,0.11300508089055672,0.10723992966545785,183.62111320779107,197.41901912005963
103.34705425526226,0.9764258122869615,0.9764258122869615,0.3213408604204788,50.12845256970276,102.84009523264062
108.64997666817106,0.18645902910151968,0.18645902910151968,0.15483468062701167,139.8985347956024,158.03219451131343
92.4292533778949,0.9145706592366784,0.9145706592366784,0.43537657349618586,74.33756458233924,144.7548487407282
116.36317591113567,0.4628478171282039,0.4628478171282039,0.3452898181781996,133.71604141185904,178.65132621672453
92.08469451654943,0.4758060740838661,0.4758060740838661,0.569131114775556,109.5854035785106,148.01451899022445
103.45169479093569,0.4094298248222157,0.4094298248222157,0.319735965390743,117.98847510161531,151.26383217562713
115.90364033288785,0.37375113241789015,0.37375113241789015,0.5246462465198755,109.9792145782021,137.4248983821615
114.97965595437563,0.42568638053591035,0.42568638053591035,0.1228253463311545,104.28303995158115,135.1432537550511
114.5694176053199,0.15397155953542277,0.15397155953542277,0.6704532647134149,142.3123803698893,157.66187577535376
112.73477969085866,0.5837012878562788,0.5837012878562788,0.4811904340498451,84.0116482136935,122.15834155631389
97.43776652512837,0.36695152541663956,0.36695152541663956,0.1371550906297032,143.9230762665724,179.81092442078878
113.82888016707003,0.1461215332186882,0.1461215332186882,0.6603243300496928,154.57169607895474,171.08273316623288
92.00294850382524,0.55709973533363,0.55709973533363,0.7193741119603333,119.66164461731127,171.3223734414802
111.44338835277594,0.6616286999714923,0.6616286999714923,0.38309102826728947,79.75212365017114,123.81377749363119
103.53292245469416,0.8168418050397838,0.8168418050397838,0.5472841825127387,60.934540073869286,108.07263748336067
98.86310928809374,0.21631723528433966,0.21631723528433966,0.4885690068321483,181.43534087643638,206.95179188894627
87.86497002122938,0.6819071005586015,0.6819071005586015,0.7777639730086393,87.39761467306677,138.14342813961824
91.01777770156565,0.19604172068865733,0.19604172068865733,0.6977207667864104,142.19076477969824,159.1551794371256
93.12299501785488,0.9432282794637328,0.9432282794637328,0.7541871675457411,53.927381407218625,107.54192309731764
100.96216423661582,0.6951162907505303,0.6951162907505303,0.3935225023431814,81.98169334075071,130.43954396178856
80.19349541515399,0.6391429247974683,0.6391429247974683,0.45014573306835837,91.45337964015427,138.82213455142127
95.22963122357848,0.8561502730918249,0.8561502730918249,0.21884229619135928,65.51433416569803,120.37410283355636
106.85875181098764,0.43230736899498723,0.43230736899498723,0.5220379879707784,114.41243536866813,149.98595481630653
87.66775134651914,0.2682143749643496,0.2682143749643496,0.5687101763036775,175.95715345638703,206.5259797113546
103.15015923107453,0.20406840004614543,0.20406840004614543,0.49491937208386416,143.53386499259122,161.44153486292538
112.67389795081351,0.9854466187111005,0.9854466187111005,0.12757159906017632,53.91432179511323,111.98520265774894
89.33548523439882,0.7630380108374691,0.7630380108374691,0.6324140447621712,75.41972869224867,127.18517535389462
104.1015938095977,0.2999684703470827,0.2999684703470827,0.6802054908887419,115.10918818989569,137.56117034711474
99.78491620558421,0.6318951481603601,0.6318951481603601,0.35007380779252095,104.16187668455099,157.75543548181562
104.42490599367287,0.21849716957274437,0.21849716957274437,0.6978937105361436,179.16417351362583,202.34240393463446
108.72655090989227,0.2626693480363614,0.2626693480363614,0.751475701491378,127.57265368016158,148.4543561602647
101.54359416766465,0.6821650813337157,0.6821650813337157,0.21103027708633262,104.15330717573701,164.8718863265406
97.33358466195234,0.11128327234701663,0.11128327234701663,0.23508675125156964,170.92590745054753,182.17536277784103
96.36987680166348,0.6479620520223416,0.6479620520223416,0.5384369829007222,75.86207407169415,116.28465696606213
92.01465800460741,0.9780111019365336,0.9780111019365336,0.5115958564523704,60.673450707609355,125.32145288516841
106.38169965817985,0.5390216949153284,0.5390216949153284,0.19085374724170032,95.18279580409786,134.4169218962598
100.02071276174199,0.4585832454485108,0.4585832454485108,0.4948104309432928,122.60560536357572,162.70796212332874
81.81935077767298,0.10332814660585299,0.10332814660585299,0.2825790132606024,178.30886928307658,189.0536426213278
117.72803139218429,0.26959708405774424,0.26959708405774424,0.3042043213574185,130.90113886294722,154.36257151040704
117.02131309644005,0.5484805611296226,0.5484805611296226,0.3262087429720609,90.27612259842051,127.90270731046753
90.33693437040748,0.4405829880229859,0.4405829880229859,0.1396971239781325,106.23833239577644,138.57082574259712
105.96173098755739,0.46160827992792797,0.46160827992792797,0.5034782429552341,128.56930716785394,171.11529098769606
97.01367594920788,0.7081221655789176,0.7081221655789176,0.2949060396952955,91.14113851515907,147.02410912176714
87.36406150441033,0.2629249290283676,0.2629249290283676,0.3765678902618482,123.9964288811108,144.3291547836227
81.58158795719832,0.16429820480086432,0.16429820480086432,0.22211314805132654,133.6056536516086,147.80784236494782
83.5476115952491,0.2571550247241182,0.2571550247241182,0.36794681361888004,146.8387285429412,171.4403243354398
119.35960034241177,0.44271178281325263,0.44271178281325263,0.33897847123159514,144.55374913842735,190.33304155829362
93.72021096389452,0.19681901389061685,0.19681901389061685,0.7114686463853852,159.8493622114031,180.0542261176832
103.98937329802794,0.6191136214486401,0.6191136214486401,0.23456087956083274,94.4143635105258,141.12945588148932
102.01132104314307,0.6365873531479863,0.6365873531479863,0.5812913288025325,83.38459997044524,126.70274832963291
93.82230710082152,0.7219025982880626,0.7219025982880626,0.7218708129406987,100.36038503456528,164.52897617991698
82.82806317828012,0.987075425421193,0.987075425421193,0.572732532928386,67.53550676371356,141.4487131615338
95.22927275245598,0.6890609095775729,0.6890609095775729,0.3866237645527937,72.31375982427541,114.82860857546183
104.59798246172132,0.6486472645856389,0.6486472645856389,0.6647991555003192,109.39917988683236,168.42192217317768
114.40535760553787,0.6747477949581988,0.6747477949581988,0.28070695788709327,86.55824499513866,135.42622194214516
115.7972291020381,0.47953551334869615,0.47953551334869615,0.5639566048828456,105.26292349742957,142.37200396355541
101.33571583461995,0.8212379201550621,0.8212379201550621,0.7242474268317709,71.47233370012844,127.53904486307157
100.41442226752146,0.4398457502690951,0.4398457502690951,0.7378193947662004,97.05889971426842,127.67339813898872
114.20248878708944,0.2963176742681932,0.2963176742681932,0.25144424143169075,145.37878356064607,174.0864305702366
113.62881179929155,0.2902027024823339,0.2902027024823339,0.5809645607992924,156.330932773721,184.78008320770917
112.69542304704038,0.820334151824785,0.820334151824785,0.35017566060599603,59.68471518973897,106.07347623659535
90.40269248809624,0.10387695694684079,0.10387695694684079,0.3922989977940101,211.68496586230077,225.34087872443808
94.3905180912671,0.2630668317524072,0.2630668317524072,0.20118215452073812,147.05797739635543,171.26108266311846
108.64108053832581,0.6336818726737353,0.6336818726737353,0.5065862953580471,94.39210263788823,143.33306048004042
89.5952303089437,0.3599280005998762,0.3599280005998762,0.6702644117044012,115.18922977577803,143.3498584931335
103.4423670877195,0.7940666242576159,0.7940666242576159,0.6645016259677563,90.68367246463616,157.68541810851846
100.98491310660853,0.24776666329936198,0.24776666329936198,0.18113216439689933,159.26570256419893,184.1498245081303
107.59625683060621,0.5495988054677526,0.5495988054677526,0.3278044763803959,116.55527002877797,165.86780803602892
114.56850367572414,0.19721077600933473,0.19721077600933473,0.2506640684551898,186.29904242296277,210.29090358804882
108.02501860311459,0.949424122808846,0.949424122808846,0.27696081626745683,62.878460581027824,126.4072292872099
88.80097728369554,0.3584114937998337,0.3584114937998337,0.6424475432721095,155.39971150767573,192.43311384959708
118.21439577293036,0.20298504772624018,0.20298504772624018,0.1885950021103205,137.38213167842153,153.90479237956805
117.05225451526307,0.4950277034892713,0.4950277034892713,0.6638592262029023,128.30538735856712,175.30852638391266
114.58441334363519,0.3319944870592615,0.3319944870592615,0.5408159592952541,139.90992896465485,171.02795276804613
117.31275473107972,0.37461515884782925,0.37461515884782925,0.4246288458625326,123.63791765088945,154.95648885668405
109.38645903748031,0.29250284062514476,0.29250284062514476,0.2530622840915201,118.05093344311055,140.77440297584405
110.88253203231324,0.1281124549357456,0.1281124549357456,0.5361837223558358,139.5095479727273,151.10459500033724
115.22747475617203,0.6735574258116963,0.6735574258116963,0.5882033165902217,82.41751718079063,129.3122560360921
118.67442591628391,0.39066477217188145,0.39066477217188145,0.42317934267143675,111.25190837255313,140.89015629805004
106.80631930965531,0.8733055805982519,0.8733055805982519,0.6004530923120487,78.99724804306759,147.60943603948098
104.30368615267085,0.7283665287299317,0.7283665287299317,0.1926041013833497,66.75649257821114,109.36228899583
83.66683031413426,0.9953683376417902,0.9953683376417902,0.4683051086762765,45.80052093617874,95.87135665407591
119.44864691046229,0.8032379687564436,0.8032379687564436,0.2547235878840385,79.47549085065475,139.3556964014656
98.93298663447004,0.9157177158116087,0.9157177158116087,0.1467097249770139,71.95901379978334,140.45313057352135
80.94212793652197,0.6880425323842656,0.6880425323842656,0.13280693734504886,101.34471353552439,160.81988841012594
113.39645884994563,0.5475074596147721,0.5475074596147721,0.6982546417403869,110.35214363948162,157.04501748246932
99.9726388255535,0.20273408166772044,0.20273408166772044,0.44203539158488525,148.12606877506954,165.6351805035536
91.50816012287851,0.19934159398170945,0.19934159398170945,0.6224933915514065,153.41740136855952,171.66635262384935
119.74552795425456,0.6495845009243107,0.6495845009243107,0.46973402540725395,98.48913787879266,151.7757675764784
90.03316320467108,0.3070324421920528,0.3070324421920528,0.14535525665745808,135.20272767714522,162.17736584385494
80.25298273544621,0.4058458025817252,0.4058458025817252,0.12265057214852038,142.33139093231364,181.75702701209403
81.74065056257834,0.6749895927732197,0.6749895927732197,0.17809507343880743,98.74072875390519,154.82137987282678
98.25095794292741,0.6869393883413802,0.6869393883413802,0.6334727359543978,95.08220965787905,150.33355173447015
82.60718679356589,0.2906864394895792,0.2906864394895792,0.5050484272889355,115.80463601686691,136.97973691315855
105.63795542431484,0.4707122981698485,0.4707122981698485,0.6829177108934923,103.16675340593851,138.47911533996015
83.36280703467645,0.3761503859385287,0.3761503859385287,0.12289924415808405,154.90698909383295,194.84073684959517
82.48055910954658,0.8633039391267372,0.8633039391267372,0.6327758202083408,68.44357906782817,126.590209388255
86.26397825984068,0.39900558739816105,0.39900558739816105,0.32335595368227565,120.86891514495572,154.0921843360677
86.02709917998658,0.1531966565581922,0.1531966565581922,0.23115946017446,140.09343520446532,154.82153831905325
114.0579951486876,0.6146051585436111,0.6146051585436111,0.7054778531221835,94.08518133741887,140.836525943831
80.32100809365195,0.8613101547561045,0.8613101547561045,0.3462908960785691,71.88877612437945,132.53957807071544
84.36707361435874,0.21337707824473645,0.21337707824473645,0.5291177768488371,161.7946306962813,184.22157908022845
118.85418311625206,0.5402228098592136,0.5402228098592136,0.5079652457151376,126.08282261816946,177.63547504859605
89.35334432898597,0.1680307142927383,0.1680307142927383,0.5810087891374363,197.09639083227088,217.82196568450127
102.35903587141368,0.6988920091793512,0.6988920091793512,0.7245278037559184,96.3243028977689,153.93914045369627
110.7763851989164,0.22571405707725406,0.22571405707725406,0.4543504372206105,142.3310421827263,163.72000294490812
115.42974444146839,0.635471204095565,0.635471204095565,0.40254306105536786,111.1633771146268,168.64773555017536
110.38611426959045,0.21016136314896566,0.21016136314896566,0.3223953053608374,149.5001746579608,171.01558264531042
111.1634151947472,0.42140146066262985,0.42140146066262985,0.2556453275391483,134.14884503843945,173.28710970328802
116.79573265565215,0.2712369575254988,0.2712369575254988,0.3279958121793943,163.24909301773368,191.62428096549527
119.91957243877799,0.11789364815745193,0.11789364815745193,0.2699805002523188,189.94044958550768,207.21755479433457
93.13762655322384,0.4219829975675997,0.4219829975675997,0.6926886165219854,147.94358524498946,191.32519596485162
90.17160213797274,0.9364197943597622,0.9364197943597622,0.21834409961567708,58.409330682941665,116.10326179876023
107.4662765388021,0.4660706965540914,0.4660706965540914,0.3813818169997999,119.6197032214336,159.8384754367394
113.46059985484311,0.5926414327621026,0.5926414327621026,0.4462607699629362,104.69010608455791,153.84087941958995
87.48363717936883,0.3496658137849046,0.3496658137849046,0.36409589157070854,145.36739584186932,178.55247915269314
86.5755021846441,0.8870847226541445,0.8870847226541445,0.23189938759999876,75.96931575873214,143.97034875302498
110.11487187082894,0.6432930660824858,0.6432930660824858,0.33492259832170024,94.5238494770867,144.3691530665794
91.88406863448968,0.9521832610903147,0.9521832610903147,0.7317315139227801,71.2522559490143,144.1463201923448
115.88508416953572,0.4361336362337277,0.4361336362337277,0.2947963258973519,122.92776731772996,161.47735590543482
117.33477845599529,0.7927377547501173,0.7927377547501173,0.3816983906624333,81.00653307445408,140.83281884334303
88.86416582406396,0.5847739190795971,0.5847739190795971,0.49975266497436255,105.17271979296554,153.7093114279842
97.02628111532637,0.5005785821853026,0.5005785821853026,0.7157977635304485,98.1628970827023,134.00718295486843
103.43943085694768,0.3135217581812723,0.3135217581812723,0.2501266425980959,139.10870335548128,166.65787443131774
104.21720814767313,0.40914986752608173,0.40914986752608173,0.6560530432493931,121.5311727665546,155.17172072716863
94.74584581484706,0.44058888354415815,0.44058888354415815,0.16407190175905573,120.57580415616442,157.60537707072697
86.88727552961497,0.15002353079064581,0.15002353079064581,0.3360530480032434,169.87322386384034,188.2034891325802
81.53358493420188,0.42148318561264464,0.42148318561264464,0.33204645136768934,108.4913294960953,140.41239561186939
86.25873810503931,0.88856408358888,0.88856408358888,0.10915744230638418,69.97015742968766,133.03738810519224
101.3337600469289,0.8383110638129776,0.8383110638129776,0.5001181954888464,63.950317360674354,115.35079157833933
118.3717940925996,0.6998555020617148,0.6998555020617148,0.15560547979883282,87.05788386317333,139.3366191205084
109.687170436284,0.26064362123282275,0.26064362123282275,0.7408370890069809,145.82256159508546,170.42009144500418
110.86875665167737,0.9359569689779598,0.9359569689779598,0.38646003303451115,51.0956397521503,101.22630079554239
94.07441874584768,0.792822913672369,0.792822913672369,0.40910926684184545,79.21483990406506,137.8312742266145
118.58392615029621,0.7627272104632226,0.7627272104632226,0.3934867462114916,88.206911671387,148.98906478598565
103.4762865424991,0.6220813213055261,0.6220813213055261,0.28554204988585474,102.72350037580007,154.59883453387144
116.97960151484219,0.2804040756313827,0.2804040756313827,0.374163753537597,130.10086431948125,154.09996175737703
115.2424160474119,0.7070539813808552,0.7070539813808552,0.39163905223917006,78.56561172457296,126.42740936316947
110.6721871151432,0.8683233255076592,0.8683233255076592,0.11836201774941363,70.84119930572852,132.15716449295888
108.97434131560892,0.9238792866507994,0.9238792866507994,0.3308092984294271,69.35548162778049,136.40554146269002
95.8540526329356,0.893325298108619,0.893325298108619,0.25558357746056387,53.37076995054879,101.14860917744603
114.12396905462201,0.715636316790388,0.715636316790388,0.12102435253245619,71.63976062490902,116.15995036539793
112.24709792542501,0.6672449785822555,0.6672449785822555,0.5809207501680425,98.66601795254662,153.4871950756465
87.92914845254627,0.3642895547395756,0.3642895547395756,0.5609831085096657,123.41431443125519,154.09315542057635
92.04850203257651,0.14231210813265435,0.14231210813265435,0.4089928012750045,191.26029159197492,211.8423377104668
94.40124353642781,0.5822556169293143,0.5822556169293143,0.7511858976631756,81.93280232826856,119.53463108572429
99.11991766339932,0.9389790516624789,0.9389790516624789,0.364234043911591,72.13873953811209,144.01438945940703
103.53970051383932,0.8229668753705983,0.8229668753705983,0.7879841316162587,75.85977890490308,135.29187604106727
81.50073371746879,0.8084251879532578,0.8084251879532578,0.37192778443429475,89.6090523383689,158.36266668867665
94.85155426209097,0.12740956137371942,0.12740956137371942,0.6119371208003788,201.73092009885366,216.57936968058365
82.36356069069357,0.4350508723328327,0.4350508723328327,0.5660820797990815,130.52031773569436,170.94091727400038
98.32610554179487,0.2509416916416066,0.2509416916416066,0.21320730763198492,125.38366252479096,145.02101261652294
96.26805345133654,0.3159958444940838,0.3159958444940838,0.24321502712226348,155.39950320781927,187.8383108293364
112.73471832486474,0.1444673017449503,0.1444673017449503,0.7802280214399467,188.93417632378925,206.57089313703176
89.34085772127051,0.1211997058826856,0.1211997058826856,0.7295448304751466,174.51922353569725,188.92898181648246
86.54619959651635,0.6027729858113909,0.6027729858113909,0.517167299293464,111.24444454993737,165.44261607541316
90.0670739786014,0.8101616269807785,0.8101616269807785,0.2474477139696982,63.09009143039118,111.0017512174614
90.47878002384509,0.23794033473851772,0.23794033473851772,0.18263459643763455,139.62671750313817,161.96302766295742
113.59283406627361,0.19540139333599715,0.19540139333599715,0.5298886039567582,169.6730295492742,189.99214138281323
114.65765986846392,0.9762483690013796,0.9762483690013796,0.7340923115664376,58.69629432935355,120.83057445515871
90.60785148792206,0.48511220586498394,0.48511220586498394,0.7255696152043601,126.54944294430851,170.91197143826915
111.1227445891552,0.8457255698519087,0.8457255698519087,0.675513921100991,83.15123334706183,151.51156510407614
91.05697538388249,0.6052888959311938,0.6052888959311938,0.10060402404666015,117.64859589922321,174.8654911080908
117.75515734841365,0.8192795733468503,0.8192795733468503,0.7668663683689672,62.22653161325404,110.2426361579793
101.3715505828969,0.6374182036483808,0.6374182036483808,0.5710511232186614,100.94940024626422,153.61533264409368
104.59321916804224,0.4530133894981365,0.4530133894981365,0.20415249792796947,114.93230276034465,151.81071389939575
117.10571657392312,0.1316760431609632,0.1316760431609632,0.4466956804274651,166.4146900392784,179.48621835559743
108.0207713279002,0.9425075903887199,0.9425075903887199,0.2761539818682611,58.26878321263805,116.0020755783312
103.19051384343453,0.2356869575062557,0.2356869575062557,0.7617720543859209,162.46894775350196,186.570530379784
97.31090635886594,0.8804759328465267,0.8804759328465267,0.5930287078226201,76.75047451317081,144.84337953139672
90.88708901386451,0.7522072631289406,0.7522072631289406,0.6916800955674135,78.96232174360182,132.32592624542582
109.36107290395621,0.15643528583743524,0.15643528583743524,0.2943130963951345,169.53319403901432,185.71402758883076
83.43697060555716,0.4289481036371394,0.4289481036371394,0.5316939813616568,132.0586918962048,171.17961958952773
113.56086242198018,0.21760351761911934,0.21760351761911934,0.18594199962872332,183.28887356556135,209.9054434703374
80.08414922807596,0.7380988253171855,0.7380988253171855,0.13101178756280502,72.48030037083298,119.53234139869598
83.21361032834398,0.9888815051817421,0.9888815051817421,0.46410726436437344,49.01090996888766,101.75122132993602
101.17546757310157,0.4313488091912696,0.4313488091912696,0.5995348020665042,131.48136919919256,171.64368925234572
105.56991793899911,0.2742230911748613,0.2742230911748613,0.2835463866075099,141.1216540795075,165.18722161217187
82.22094766760915,0.582591501634451,0.582591501634451,0.1625721926572921,82.38300281814855,120.2257479299024
116.88030428876496,0.1684834790577538,0.1684834790577538,0.19507276745246818,196.07798937005938,217.00415093976613
98.55560788063539,0.4226988320879429,0.4226988320879429,0.7095777345451406,121.88639924913498,158.00457464355006
114.23382339158078,0.7933494080511856,0.7933494080511856,0.4241431866925247,65.03851014980361,113.10664313621544
109.59794496336521,0.4166398301022749,0.4166398301022749,0.4935077727875957,139.55062314123015,180.9897595607704
91.21156608853286,0.7290860149598506,0.7290860149598506,0.7596145776738134,76.08353018352108,125.06428116786905
110.70111375342938,0.85137561941818,0.85137561941818,0.13843501778756706,74.57491231897427,136.81567703893097
83.15216590120689,0.8597723721968066,0.8597723721968066,0.20546402552007342,76.27327330044332,140.97889503675998
119.24807897589181,0.6349841988290168,0.6349841988290168,0.5314451937384993,91.58819277366345,138.65582038130114
83.84097324196878,0.7203078905214135,0.7203078905214135,0.49976782197768965,93.54325194155315,152.76435093453682
114.07415541850062,0.46240915136963556,0.46240915136963556,0.4439849652143568,136.94610814876765,182.42988141882708
95.80970142942985,0.5128609518007902,0.5128609518007902,0.5879365377138359,101.69071875499796,140.1849811497715
86.59853483229513,0.9065973760441937,0.9065973760441937,0.23837084131866218,53.88564415719142,103.59424688225917
93.11134167813259,0.5461843849792275,0.5461843849792275,0.3652581962629975,118.41942136212747,167.96878685184925
97.3019815313889,0.7815318809954339,0.7815318809954339,0.549410270907331,66.50780973851872,114.32997329763835
110.34631100284179,0.8563639997463357,0.8563639997463357,0.5160114409001555,75.5287432018444,139.484288894871
110.7120961926767,0.601970978523418,0.601970978523418,0.37036349445138506,81.45790280304118,120.47995281425419
85.87417497997578,0.7539599761107711,0.7539599761107711,0.6714524672683769,76.55713771315861,128.82866693170735
96.53166172370211,0.8784429502378771,0.8784429502378771,0.3252063489293372,75.62409886324454,142.02323974708662
116.32478760460528,0.27675748005539885,0.27675748005539885,0.42022416129066886,152.49434721096478,180.19900497502744
87.21128861286176,0.3713652840175198,0.3713652840175198,0.5665217926395729,124.83801511368002,156.36915790414994
93.02666036378328,0.13804854882795156,0.13804854882795156,0.32598528375441005,141.4136122870802,155.58051676667714
115.82575618265153,0.3252545958293346,0.3252545958293346,0.5892812636153562,135.2620095434919,165.41088723063072
96.69916146669543,0.7429721814433224,0.7429721814433224,0.13879634087149817,75.50152511330818,125.19895303431069
100.27189491295485,0.15472441308600582,0.15472441308600582,0.6706846063926567,137.8355445138473,153.71954678543983
83.63103687536473,0.7130434741890368,0.7130434741890368,0.2982088249048801,76.97611023018628,124.88869357739635
93.81808677807479,0.16334838313915573,0.16334838313915573,0.42902992260596085,142.21358704862232,155.9890782211769
81.7476428213593,0.535676134113835,0.535676134113835,0.12160561752526801,128.60147738273537,181.4278362651282
81.15370576844562,0.2643954868430104,0.2643954868430104,0.622985474808804,120.72836781074459,141.5425276763043
113.32938630640055,0.4715713469878583,0.4715713469878583,0.46465963684685796,97.24006698563527,130.7605938867777
106.87503661686691,0.7305079042316047,0.7305079042316047,0.3643822905667725,78.63653687372884,128.97221603790734
101.8183706607557,0.10678736608480577,0.10678736608480577,0.6229724782237193,191.9266433327418,209.7010237557546
82.19572822889356,0.29370924891445194,0.29370924891445194,0.4805418625232041,125.38400236039942,148.06755242991719
117.56785625606065,0.18820454846699614,0.18820454846699614,0.6272756386181599,132.52374851024015,148.18074034185872
108.9366946832532,0.5074725986606282,0.5074725986606282,0.7406697185782394,125.47040887871435,173.40391769143196
115.5719913932333,0.28505138462997365,0.28505138462997365,0.6442219343045963,133.38363277106393,159.16202758585885
86.28343612625368,0.9965207699978098,0.9965207699978098,0.30285518963894453,63.99294503784106,134.85276309207893
87.1968816674733,0.11794232902688458,0.11794232902688458,0.41241781692545343,181.71767603438857,198.42747582532186
114.76051672391321,0.8288476349476802,0.8288476349476802,0.7045266708483111,77.75464225621903,139.69839172932583
113.47961770284732,0.871042280186538,0.871042280186538,0.3269688423824241,68.5001004810517,127.64770033361171
92.18078449258347,0.8722035446095263,0.8722035446095263,0.7272879338814924,64.70692770331281,120.77405380902034
81.26527565306164,0.9241372734121671,0.9241372734121671,0.2633010431364879,50.681406588499584,99.22910046937976
118.74472489902948,0.10603212664977892,0.10603212664977892,0.6403840866136191,202.2181276427747,219.14730118025952
82.45497001676878,0.6081467022921777,0.6081467022921777,0.5447969901519163,99.72101719421647,148.1460024468912
93.0657222442338,0.13520519217599625,0.13520519217599625,0.6520511923377603,143.7339716586188,154.67346723794864
84.68382788562313,0.36119465943062967,0.36119465943062967,0.397689902485417,145.8597202452168,180.61789903261698
81.27209357636332,0.5483577421635257,0.5483577421635257,0.5269591896811044,104.0498806639023,147.40403445092073
108.00783149336549,0.91519162971827,0.91519162971827,0.5125667269221837,72.98315188021256,142.1368592484609
109.13674034860966,0.8178197295674954,0.8178197295674954,0.5397093441022149,62.122587181485095,109.90817945238545
96.29818571990378,0.7852750630854317,0.7852750630854317,0.3854223949355289,62.337688987214726,107.58005351679199
96.57728276192702,0.5844169632654265,0.5844169632654265,0.37144144579693805,81.2592588306499,118.44464876148933
82.35665397968816,0.7068792848977156,0.7068792848977156,0.45971237689356004,92.53316970608384,149.07170728386242
118.43326334628884,0.8178747034603994,0.8178747034603994,0.7710974242932702,85.5674299157235,151.92789888223516
89.02901055330548,0.630004072015545,0.630004072015545,0.25854446037478385,78.81927166305925,119.50796059675731
119.41898696668572,0.38804356533503925,0.38804356533503925,0.2760309296502651,105.04513949406395,133.40439515035084
80.13177520452496,0.6109912319658692,0.6109912319658692,0.7770819011790887,107.64956692073355,160.85118219726175
87.61090818287109,0.51748966242342,0.51748966242342,0.5241977548322412,117.00539315994385,162.1971722498861
104.93535749730825,0.41980454230054765,0.41980454230054765,0.19110134168859758,103.33453521891941,134.0541123423164
112.86697720652663,0.6180428378355313,0.6180428378355313,0.6452176412936064,84.37037920846791,126.57648617986287
108.2323573481213,0.28868876375968594,0.28868876375968594,0.6362226327852989,170.64768139972423,203.67030232597787
106.24724115411314,0.5649832033320851,0.5649832033320851,0.20081262715355513,118.12813051451924,169.89457828174733
86.52887675486103,0.3643584268952421,0.3643584268952421,0.6508581700160023,143.90817278605172,179.51769672459332
98.77140524247218,0.8364202136092841,0.8364202136092841,0.707179161002514,81.71919244205553,148.067899150612
106.15809102363576,0.3330137519790892,0.3330137519790892,0.1372103401295731,163.76513316250652,200.96183421332444
95.96785839966981,0.9470743756472818,0.9470743756472818,0.33831168516364873,59.93853751473764,120.20456130399434
84.60256025206694,0.8134890824138035,0.8134890824138035,0.3633720066200057,84.61776824768161,150.22361944998354
96.28199566555375,0.41494991662673,0.41494991662673,0.7031763138924187,141.80891020216689,183.182293543024
109.07803547558873,0.8452272570641981,0.8452272570641981,0.1287978439928862,78.75332978302345,143.88212183457233
85.30329662570769,0.7683002037037828,0.7683002037037828,0.40788486126590107,67.10070091805383,113.9259740744551
94.95771525549547,0.18678828112161922,0.18678828112161922,0.40156847573828935,175.94867949291884,194.48970229738993
93.95779926424238,0.4879419899669859,0.4879419899669859,0.19125043795658053,93.22790227537631,126.72226162772378
92.8581134334358,0.27533744554117906,0.27533744554117906,0.10528616575014801,172.84388320485476,203.10443092774
107.6476973932448,0.24320681009866998,0.24320681009866998,0.7096193820968201,163.77248188848853,188.9457944499529
92.24613202348675,0.1312966443612067,0.1312966443612067,0.24368181971312008,183.588693621939,196.83206850184771
106.99128062747687,0.5428550134353332,0.5428550134353332,0.11504768847254608,114.00143734877535,161.49289773012333
86.15378561725724,0.35507747301959747,0.35507747301959747,0.5954138392082263,133.73868859347928,165.5256825664877
82.04455355867995,0.9774750912844812,0.9774750912844812,0.2203554105704129,47.81218856970858,98.2039247285225
91.48998017050835,0.3861183508556727,0.3861183508556727,0.7125045926253055,129.0804192715247,162.84924707489316
91.20779289067244,0.966186333423635,0.966186333423635,0.15821066440399617,64.34022888856197,131.64352914425064
107.19271610986078,0.299831537264754,0.299831537264754,0.16575969466856144,166.33591982714663,199.02240285359133
83.29791011612384,0.23004058534794003,0.23004058534794003,0.42368532623838284,164.553171011842,190.68746107633734
86.71072998572816,0.9066269486028469,0.9066269486028469,0.24092095214350268,63.24671470649261,121.7632427938425
117.88141149849815,0.3723771969908872,0.3723771969908872,0.26157819486430106,147.14687259137793,185.09774983771456
94.92661410268701,0.5054281861073135,0.5054281861073135,0.24351384810601714,99.03743564875194,135.694364217966
86.19364790091372,0.8545344549246718,0.8545344549246718,0.6521719741520166,68.4434263279609,125.5464820968424
86.16356457102287,0.4493584321731139,0.4493584321731139,0.16270167901898047,136.52327589148905,179.96014820518062
100.0192648493273,0.9709792765318948,0.9709792765318948,0.7012644835313769,51.261530349614674,104.96487696696904
82.31613439847462,0.46507262207155653,0.46507262207155653,0.4605660822531765,126.08431142533514,167.78298519303715
109.22488462518041,0.8567213124434891,0.8567213124434891,0.46544152826589724,71.12523547133975,131.27713229844332
109.79401409135387,0.3743654928649761,0.3743654928649761,0.21605968503486728,106.34162229494851,132.94259357451472
114.10919009517448,0.8836087730585449,0.8836087730585449,0.6934444000773289,73.56061189887272,139.12069913019914
115.03351378846654,0.17538385562197892,0.17538385562197892,0.4806705871199125,133.89665984565528,147.8230797740298
117.11370037287011,0.8554326202533289,0.8554326202533289,0.11068552750473337,72.29252510187091,132.8218404153597
114.37106803734062,0.5559344773950229,0.5559344773950229,0.139148444541064,123.11570557654106,175.53558957313552
94.37237073132458,0.6951195310219157,0.6951195310219157,0.6562396485435146,95.6895040112277,152.56036942909103
110.13501245070279,0.49688991757350065,0.49688991757350065,0.5680572869541345,109.61492620273548,149.59289415859848
80.05457048324966,0.18461263467340677,0.18461263467340677,0.18421256963929583,143.87479457071282,161.03193560062383
85.07268593178578,0.3560345254182865,0.3560345254182865,0.5961352903901556,159.02496078685323,197.65530987418708
91.08539608524764,0.8519062965755915,0.8519062965755915,0.17138735211527475,59.72575045335042,109.247734885707
103.02419868225292,0.19466701048514345,0.19466701048514345,0.48997210997102203,185.32829155653053,206.4808315286432
92.71237705307183,0.20093031489457616,0.20093031489457616,0.7324963559094533,168.620885009993,191.20063634322725
81.60485036462066,0.5317960351268973,0.5317960351268973,0.7920340092873946,120.9719851865607,169.192590077539
118.68713097738939,0.41370145032640404,0.41370145032640404,0.602547985961563,139.01479093940011,178.7367057256729
107.1168881925046,0.26847515491027785,0.26847515491027785,0.5916195484706966,160.8844709095074,189.01819776645527
101.35994630883053,0.9728663425765415,0.9728663425765415,0.294781331302451,63.17038962295783,129.77857688285565
109.54433684353403,0.4076646553969083,0.4076646553969083,0.5328587920370939,112.98676838819505,145.42623096640656
112.0038752400969,0.8604187646203172,0.8604187646203172,0.6668755080471946,67.66448038397864,125.25699172537811
106.5292633988897,0.7344098683619447,0.7344098683619447,0.7600285350028351,72.23722190090896,118.8583268529526
109.17212463230364,0.8405711525647485,0.8405711525647485,0.639831630314928,83.93057819744872,152.7330343462073
93.70975067407693,0.9324907668236684,0.9324907668236684,0.18734539829335306,67.3800555707547,133.55645642557897
90.21836931221131,0.38842677341834264,0.38842677341834264,0.7639634686368392,118.99984491406211,151.27333901667006
105.88752317990945,0.8487729226487669,0.8487729226487669,0.10350222142643416,84.52208551647585,154.8181213696226
107.46480359806131,0.847631929121638,0.847631929121638,0.19921334785165384,76.95027156112657,140.65300166215127
109.96109611587153,0.5929174929267876,0.5929174929267876,0.6685106052138963,117.56125098805455,172.89324136946612
112.35795883073062,0.10109168817589263,0.10109168817589263,0.5530315513895989,182.35132497562853,196.01600128291363
86.34315352570978,0.5602885914677153,0.5602885914677153,0.6752897025633768,119.31659322006256,170.71976802561664
100.50409234301142,0.7962006950587418,0.7962006950587418,0.22076734415011529,86.85591363971979,151.60230301894416
92.28698042538875,0.7999502266621326,0.7999502266621326,0.5252579759710978,68.96796244914552,120.51453498157177
86.36863910359325,0.29271745322605125,0.29271745322605125,0.36508233170114834,166.95057565681196,200.1190277642791
104.95965992981183,0.2639627935738021,0.2639627935738021,0.4891406602485441,174.08233120987472,203.39190452575824
107.72335182608988,0.24073287466883928,0.24073287466883928,0.3925222246718525,125.18603119576183,144.87500016675577
112.49590374503163,0.8650787911696295,0.8650787911696295,0.61074186107918,69.16619994172464,128.7309200191858
118.9454985687657,0.9124190432450119,0.9124190432450119,0.3170336511811479,72.39179138990288,140.93819545479687
91.30641291790258,0.8100878415258549,0.8100878415258549,0.45790454561563987,74.86550272647379,132.05814973901502
87.91642573347372,0.3511276537572078,0.3511276537572078,0.786588974241299,132.01400973359577,163.07277939852747
108.89055485523308,0.4301611364253275,0.4301611364253275,0.34609573794464366,135.81274884906261,176.68967202067813
98.73210648324826,0.18050059605598157,0.18050059605598157,0.10517997985963029,142.29522772382214,158.65493176950704
101.53326905802284,0.13305658675519658,0.13305658675519658,0.11276242058652168,154.44973834625904,168.50956317582157
108.57669933417907,0.2971296888368911,0.2971296888368911,0.7364692469923045,127.91718098803632,153.2891059059613
98.54596669177928,0.4392501692915689,0.4392501692915689,0.3466866712155755,111.15120168145994,145.96188294792665
85.07763759487979,0.7657973583538541,0.7657973583538541,0.14338186501334726,78.6185849332331,133.56550052834436
117.62443240660394,0.7118641016179804,0.7118641016179804,0.272104379171354,82.28704567927608,133.0617145948135
96.69847675392197,0.3020882156633685,0.3020882156633685,0.12492611933795993,117.16940100210762,139.38747345241038
114.75143970267871,0.43921442005848754,0.43921442005848754,0.6947952450171667,114.39834311932634,150.18865592927187
117.16652230688484,0.5640923451621549,0.5640923451621549,0.7190515127686108,94.27965253741209,135.0726028519294
101.21765187913314,0.5079343460844667,0.5079343460844667,0.4494592441721106,127.92836661736304,176.86170520383942
112.41290210758683,0.8046616534292318,0.8046616534292318,0.6563136282943673,61.716305385565406,108.2907530276767
84.75940801572906,0.6907061912657201,0.6907061912657201,0.7797685995602149,71.49377943506828,113.16198911043573
80.2697640258383,0.9568437684399066,0.9568437684399066,0.1255140231368398,53.696227085699306,108.22362633292482
97.49469635171792,0.32315693462464423,0.32315693462464423,0.7737335535389005,154.36784814858538,187.43532571078947
99.68212727996176,0.2295596113752397,0.2295596113752397,0.662518144711979,173.3218081068164,200.12245525850935
103.0752627413033,0.2844319161109968,0.2844319161109968,0.6086452936880048,143.43527704714498,170.03549505402592
108.60429849424617,0.17582051206870164,0.17582051206870164,0.3629241565439988,172.22540576005918,190.8039097117948
109.6249192601455,0.22660151051086863,0.22660151051086863,0.4515903081441123,134.7519108034525,152.91864968342824
83.41548981378767,0.7960946073505776,0.7960946073505776,0.6533753560286649,76.42555350252445,133.1399881644667
87.8223536813282,0.13930706268161142,0.13930706268161142,0.2015565522244162,161.77271593036883,174.85829002000298
85.14118172718811,0.3567453354847122,0.3567453354847122,0.5314229808131702,114.0563369257122,142.1234672126761
100.73907640336279,0.30848868673723084,0.30848868673723084,0.6095948309896054,119.00086523226322,143.36450758979214
113.46350238121344,0.7598163717544861,0.7598163717544861,0.7901660733726693,72.58512990669601,122.15181381418793
85.23759522350262,0.40655760277133823,0.40655760277133823,0.35520851082483373,120.11907901508833,153.79022985046302
110.46871185415505,0.4611799825406424,0.4611799825406424,0.1649674639806933,104.25195549629689,138.67857116478652
82.38088947863116,0.13546099844012677,0.13546099844012677,0.30523935659361423,154.24382247261855,165.9971126835464
109.01283382498191,0.8402480808082485,0.8402480808082485,0.6963535500663408,65.90311867371486,119.39335440019006
91.08689842336817,0.5935511539253759,0.5935511539253759,0.240351295070543,99.620069055964,146.34847229060904
81.46905999564336,0.5042010796573646,0.5042010796573646,0.7593861626609323,109.60978034409086,149.99575406583324
95.43598094759369,0.56001459593805,0.56001459593805,0.6606627203944363,118.38398294111558,169.16840543952273
100.47500544467678,0.5761385888666875,0.5761385888666875,0.20986701964912075,87.4213718229425,126.43123834430405
80.35069094018772,0.11872528249260689,0.11872528249260689,0.47424961578797353,165.53150335681522,181.3872265541871
115.22390343036798,0.9288212662903199,0.9288212662903199,0.4181397038835184,57.62425122392149,113.04678428926913
97.94575123248976,0.1435994086167443,0.1435994086167443,0.11925827364401631,189.09313327212894,204.55747678935165
112.40028129190534,0.865702640848838,0.865702640848838,0.2912558628321549,57.013049905939,105.41980700099614
109.98141903970755,0.31590441123323265,0.31590441123323265,0.5031182629087821,119.70627358815483,144.9109114346134
92.0605848210093,0.8875182371449939,0.8875182371449939,0.4711244459766353,75.51956891506013,143.26445720654328
87.81762471666235,0.7566740871019384,0.7566740871019384,0.7604036950816919,79.85980748331738,134.44996033871544
113.50894835667779,0.15148698354061113,0.15148698354061113,0.16318574703460587,169.763533600884,184.80860846154673
107.78294909107824,0.23114556575258755,0.23114556575258755,0.3636218642939052,165.69849335614015,189.2278696278275
116.71862524652815,0.9526197648265866,0.9526197648265866,0.7575181976031832,49.200488217098034,98.48740087622411
106.66380497334416,0.7280895850283693,0.7280895850283693,0.17317219629828884,83.80344438184488,137.54327671492925
81.19952944088172,0.13534407507429333,0.13534407507429333,0.7276524564658106,173.51166616196957,186.99654081096642
89.37751955343408,0.9692468410938313,0.9692468410938313,0.37082946600501154,62.36435747248385,127.71665566911133
116.69433502716566,0.697686267427496,0.697686267427496,0.6449767466399405,86.33405447473005,138.2932638065326
96.01313336567635,0.7257594761612467,0.7257594761612467,0.20088393958807377,84.58721607702051,138.96890689779335
86.80583634277093,0.7292804549883105,0.7292804549883105,0.6991164636285122,95.17309985652321,156.9052596856358
105.42149389136885,0.2814719044295166,0.2814719044295166,0.455349272961306,141.8537310207937,169.026339966753
80.13512104285465,0.7446392925396255,0.7446392925396255,0.7830382716866329,85.72812123379565,142.97511239835313
117.75304603630451,0.6047123985401893,0.6047123985401893,0.4202832171883244,101.6638703888155,150.73570931498912
96.90615924761428,0.8259808787205188,0.8259808787205188,0.49312897873955785,58.420126164946126,104.03466082621134
103.08417090587021,0.4595809935201476,0.4595809935201476,0.7318865714951429,134.2511385280953,179.43905326301066
90.42900490283456,0.9151675635038247,0.9151675635038247,0.27208078828902854,52.02399158317655,100.78808678159618
95.15529592053073,0.8781912005198123,0.8781912005198123,0.10835867785387693,80.59782602915467,151.53390223386077
107.74425048807296,0.9688987291771103,0.9688987291771103,0.588267461971806,58.47509759353371,119.51140673831361
116.46255582433054,0.18551259963568745,0.18551259963568745,0.3301438195290701,167.9827090345903,188.99497445291388
92.04288700496477,0.4628132067417584,0.4628132067417584,0.14517640725735165,137.32677933298845,183.56190366423456
90.57014601915441,0.8643683200997966,0.8643683200997966,0.25891817030962605,56.83389381320963,105.27286597963905
101.3467080085897,0.11371775396438777,0.11371775396438777,0.3864170936527739,205.4864541044405,222.5516495368352
100.55511048457369,0.7717938647331581,0.7717938647331581,0.6772404369730931,91.21814856396006,155.5487105182376
85.3285532745456,0.47727478411396396,0.47727478411396396,0.19435506258814578,131.33383347205506,176.63244416444869
101.58017461668302,0.17435255203246303,0.17435255203246303,0.6049808645312688,144.31167986071978,161.8224194253031
118.7342923947761,0.8252142687131991,0.8252142687131991,0.5736663149066407,74.57517794316341,133.69892588263806
103.21516322017922,0.22870955119489342,0.22870955119489342,0.6117733166409642,152.86765274841818,175.40680270891949
92.80405458316952,0.26253269625044734,0.26253269625044734,0.6938772074681858,165.76461959778382,192.70081827964944
109.22905271282507,0.1227022641645252,0.1227022641645252,0.5886288971369573,157.14647592580846,172.66443091371107
82.8962429300128,0.40372766065680665,0.40372766065680665,0.7773776037705397,127.78769471544553,163.7322655441016
80.44266369707834,0.6083556141161977,0.6083556141161977,0.4005236314773626,106.01315097082131,157.5103171316348
90.23973783629005,0.46127404613402667,0.46127404613402667,0.4470446091827154,115.04754582674381,152.7475830724205
91.68412137149012,0.641843996952994,0.641843996952994,0.715978228318635,98.6889627990497,150.98770907118663
116.10307276352259,0.451289630075261,0.451289630075261,0.1006204426013902,109.91080289246716,145.75746760276365
81.58390446930115,0.3046470620025804,0.3046470620025804,0.250731055277453,149.55043488828724,180.09859377659726
88.4383686095237,0.835378352830717,0.835378352830717,0.7086334633871353,85.25094371779154,154.23906243277224
116.66781486997613,0.6500065419312234,0.6500065419312234,0.6673808011667435,85.93114615259329,132.44594394296792
96.41364903924045,0.28793917758211174,0.28793917758211174,0.5284373053547897,126.98892776391112,150.69869633457103
102.73449877877769,0.6854303052121091,0.6854303052121091,0.41985929387668364,106.07960459244313,168.4537682896595
88.41254267605,0.8939173375268556,0.8939173375268556,0.7691242076340301,70.24658698899589,134.00076923886024
91.00358022296854,0.18199194826454568,0.18199194826454568,0.6725212833725113,179.47360891961614,201.7955506050368
112.52785751991004,0.2876167264225969,0.2876167264225969,0.6500697202071556,147.0917571670566,174.36045279094213
94.11844428746647,0.9128749498299661,0.9128749498299661,0.569018788007325,61.22389154832405,118.39010380967683
114.01115013739849,0.2891585904199787,0.2891585904199787,0.2657398093429776,153.64259657339255,183.26928380792884
104.92322880909984,0.8651480364159155,0.8651480364159155,0.7215238757339529,68.86330271661667,127.39691574996439
107.05076682518455,0.6508481775198423,0.6508481775198423,0.6301314769389199,84.99414683304357,130.37995542912438
88.52601492779984,0.7320728968235778,0.7320728968235778,0.40282789879716474,98.14464875354435,161.9624841557877
108.54139546271756,0.9055005739485448,0.9055005739485448,0.23601697000646238,54.99661343241882,105.2564777005748
95.905207230199,0.12702969101390432,0.12702969101390432,0.2946606668519935,163.35613163711488,174.16096167191472
87.18687289485466,0.19580977843191438,0.19580977843191438,0.3535791659293158,135.98965092661996,152.69628207836323
87.49602556039427,0.24502126396806165,0.24502126396806165,0.19538653238516424,182.03176609625928,211.32578395249084
115.30765689575563,0.5828905685802184,0.5828905685802184,0.6806321415017255,120.071235161169,175.76006251476792
118.48347608226535,0.767184098802374,0.767184098802374,0.475759539774399,75.56682937002928,128.08716692231627
117.87323513541448,0.7582929707214908,0.7582929707214908,0.2727473779961915,81.71845012107995,137.41917197378444
107.67278565247696,0.6368594304944136,0.6368594304944136,0.14064326883895112,111.25742144165771,169.6323655234753
97.11391692458679,0.5567488401392384,0.5567488401392384,0.5549080177558356,84.94060418479229,120.96649074524557
88.99753067641674,0.7719023087274804,0.7719023087274804,0.12406205754234229,72.79851374863803,123.92443776905813
98.64239783870498,0.32688754895313266,0.32688754895313266,0.44321728767177293,149.99783470818394,182.69667106047203
115.19531436201294,0.3303504809977497,0.3303504809977497,0.5130992576694449,155.0518880946524,188.21948229057335
98.22764834635734,0.7133432516804317,0.7133432516804317,0.2379972739733325,76.40978404968752,124.07500412172872
118.36050663046322,0.3670760557347791,0.3670760557347791,0.3960695644326203,129.10387140376278,161.058031186735
106.66787142460393,0.5885936737304102,0.5885936737304102,0.5895925621914478,92.120094440606,134.63755234751878
93.6910136993825,0.7314128066572694,0.7314128066572694,0.5646519390574193,98.31871299402067,161.91282133617165
92.11584824321045,0.42458438391257447,0.42458438391257447,0.6050665736828286,125.5604051041505,163.70798922303413
88.1674141036888,0.9542862456449906,0.9542862456449906,0.7518979917641045,58.48363398572686,118.15584906649887
101.15645507345855,0.11860304204513125,0.11860304204513125,0.4902024918327704,142.79488582352076,156.96327037447028
84.72520645262162,0.4631568017741797,0.4631568017741797,0.5015331906683401,141.5082644284466,189.11726139616496
116.8232981855329,0.26571874045187893,0.26571874045187893,0.2865694187012565,125.96290271973545,148.20272159298514
85.39800079812424,0.10050063097414802,0.10050063097414802,0.45346165813142025,157.59458186893897,168.2997540030058
93.83151319661275,0.9566088355729656,0.9566088355729656,0.20669686530008674,65.55239109354768,132.65286789186268
92.16693184060433,0.7425658251701293,0.7425658251701293,0.28486221866620787,92.80892006547502,154.19368541113752
119.90745154039433,0.23115786062618096,0.23115786062618096,0.12023820950248508,158.07076926517257,180.24165074024882
87.14966875436937,0.6011813080074511,0.6011813080074511,0.28986289983395086,102.19221667709787,151.10441754513892
110.52189707250608,0.23130660093887606,0.23130660093887606,0.7664736223835946,181.83029976902893,207.6532260701533
91.55877053616463,0.21885494658950883,0.21885494658950883,0.6573062483949834,174.28345552355086,196.80913371799855
83.01613161657812,0.9864676616776634,0.9864676616776634,0.4235234480609338,61.388748182729444,128.1337012287026
118.50032913374051,0.5232624004576985,0.5232624004576985,0.26456630620559474,87.39164834974795,121.87994255607803
104.84060673471454,0.6863668632527485,0.6863668632527485,0.6136017924086475,83.83075440280278,133.1274981129086
103.87347976592807,0.9223027214221026,0.9223027214221026,0.7617620024809453,68.60111927711996,134.33178988688636
93.53702843364734,0.9267839768742919,0.9267839768742919,0.37683534203680735,57.79099240906856,113.51468878611843
98.75257599880103,0.8014982388452245,0.8014982388452245,0.7591051810837424,74.32789501421982,130.27180965463978
104.88916476715931,0.3576552411304248,0.3576552411304248,0.34013347550193024,112.7150369605468,139.18780613636855
115.9176455755597,0.8789212369728086,0.8789212369728086,0.15687761053319188,57.33329770704411,107.43206287371362
89.2387106245862,0.7885792486715525,0.7885792486715525,0.4784661688910974,88.44053712891541,153.4779295450399
90.67704541574085,0.616798478945327,0.616798478945327,0.5306030944033467,105.91680887711755,158.47398419762825
92.2398674328914,0.6320354254885991,0.6320354254885991,0.7114671716469783,81.7180162941211,123.5893250056553
109.4827047128878,0.12887494716429632,0.12887494716429632,0.45126660817364816,164.17960309441554,178.85727599248872
104.00926045203735,0.15467562368205529,0.15467562368205529,0.30001201761195595,189.0954535292782,210.90050169710977
91.69058437971232,0.9159134452075908,0.9159134452075908,0.1147972560172223,65.81736083300211,128.32505722854623
88.23766536278325,0.636076566374435,0.636076566374435,0.22137975957640957,109.25630229815928,166.08546813359303
107.0594351576452,0.18408465749515524,0.18408465749515524,0.11992309367220061,183.44251093148029,204.9770255895337
85.02265513458173,0.652060781416084,0.652060781416084,0.26028849904230467,91.83801034329609,141.2595232352848
110.47740801468251,0.8530056770357052,0.8530056770357052,0.30890570171159204,77.16279591386571,141.95571368667663
118.1473598365306,0.34636099233050144,0.34636099233050144,0.7587029361265393,143.3954908040695,175.9995691915779
95.29729175989443,0.8617582815811838,0.8617582815811838,0.3680667640985429,73.71691453097588,136.17439056841266
110.48209842757734,0.9165921142994843,0.9165921142994843,0.6696938615786228,59.19762811298228,115.27799442064492
82.77737292170526,0.8770148777532286,0.8770148777532286,0.46039679801111855,79.0631295027376,148.23057584953412
96.29955404229264,0.9102482437552208,0.9102482437552208,0.1855727423834444,67.07160913770916,129.8576517923146
87.61144890240385,0.3122346867509966,0.3122346867509966,0.27153141396436853,122.2374832333726,147.57254450918157
104.24152937496508,0.5484997389690408,0.5484997389690408,0.7337915513806476,85.61293196293946,121.15583442292044
92.09172379947118,0.6314068925489058,0.6314068925489058,0.3302221256224944,108.06514637916916,163.24813134667738
98.26888422066091,0.37162549978858717,0.37162549978858717,0.24622556589475325,104.97794233145946,131.45317508018184
114.72102086501792,0.35568193295228534,0.35568193295228534,0.4900790662175949,157.3607611762765,195.3690560339448
105.92214920382861,0.49120833404731,0.49120833404731,0.5591771676184745,115.95699550474507,158.35196372964555
119.89456677815035,0.19373883373912143,0.19373883373912143,0.7434821724331092,186.03233045176003,210.49879261408276
94.6574934984177,0.5105233207129667,0.5105233207129667,0.34764773374756497,131.46597649711333,181.67229512448554
82.74929970796735,0.4390960746870568,0.4390960746870568,0.2955249376590084,121.09888615713282,158.96111870443264
111.00389180556594,0.15048600140168628,0.15048600140168628,0.6050556186062125,137.8827062710991,153.206322640206
93.39487392891448,0.6851578655471533,0.6851578655471533,0.3806129666398368,84.59729090379459,133.78654092192448
105.94483817914258,0.6729632210629825,0.6729632210629825,0.7313204195427585,105.72974146051719,165.92789346716395
85.36295013690545,0.655613257593442,0.655613257593442,0.11796905104575467,79.9811328673228,123.16714158198748
119.54076170201942,0.962199182300233,0.962199182300233,0.11758987568236351,63.30722609891383,128.7045302667271
111.97829294308885,0.4404021677998743,0.4404021677998743,0.10757746275343118,111.78555864527902,147.40067582801404
119.81225118907939,0.4126818649848629,0.4126818649848629,0.33341552932737795,139.95485366065336,181.13486444834848
96.26498784586481,0.46774777543845747,0.46774777543845747,0.6452480355932556,97.23354924202908,130.34765479526627
108.90172806688055,0.22119989318566458,0.22119989318566458,0.4517502404860524,170.06386504406436,194.66422064903824
107.48797238036398,0.8091197532351444,0.8091197532351444,0.7134998783378622,73.02355980617152,128.84060317729836
88.14584428164471,0.9040172969175941,0.9040172969175941,0.6439747034368087,71.83753374550518,138.47780066494312
110.13118838253419,0.42602488731529786,0.42602488731529786,0.27002286356534944,100.85998104269717,130.82775911218818
114.32799144233653,0.6233240250112231,0.6233240250112231,0.6934366073888173,78.27803578756647,117.36035744813816
99.00904514633372,0.4526256298756912,0.4526256298756912,0.6587317574886014,99.78677468145648,131.5810696465981
101.6753711275239,0.9790672541372244,0.9790672541372244,0.29312363251371654,54.48281704871983,112.64492483401254
112.70453215067076,0.5489514234723283,0.5489514234723283,0.7339014183286348,89.67041819044063,127.24955483164182
114.52990743249238,0.5124808109960736,0.5124808109960736,0.6385832648605967,126.63257253498925,174.47243835893198
117.75510296480407,0.35720469752109163,0.35720469752109163,0.2518004283096057,126.28938623956697,155.58669241251718
111.06144620483457,0.36059754943634326,0.36059754943634326,0.3449279644973928,127.60762424171405,159.2293619107615
98.85590204591563,0.4495540599138693,0.4495540599138693,0.3570758760594709,121.5682462334597,160.27071169820917
116.44526879551466,0.8845571400495801,0.8845571400495801,0.20216935837689964,67.81136745749959,128.36695092957575
101.22906843823108,0.5337236145575158,0.5337236145575158,0.6320866426936576,95.26962166672419,133.4016811756555
105.47269358448906,0.6981735776093222,0.6981735776093222,0.6181163002116573,88.95602579823345,142.63777157308354
81.69226188437821,0.15916548788671955,0.15916548788671955,0.21211776566852186,150.54662573030447,164.73984354939978
95.78537573279519,0.4909926404647216,0.4909926404647216,0.2964086443657149,122.23038905058304,166.12055962091154
87.32045823877502,0.37340270102231454,0.37340270102231454,0.1950003983300659,125.6189584753177,156.62614766423872
109.11799475243294,0.1792548864740542,0.1792548864740542,0.6254211345715032,141.00649975488795,155.91318594474905
111.33933731686513,0.8418791584239675,0.8418791584239675,0.25941016677619283,57.41864322370207,103.72764623147116
106.48538268520767,0.4042463671809937,0.4042463671809937,0.7511949495854848,112.73037609566197,144.3869443570314
111.03782294691072,0.38310883385191064,0.38310883385191064,0.3455900810268667,107.83117889697098,136.46007747687645
106.53296497394331,0.4918168280312124,0.4918168280312124,0.3891075717207739,91.8676385272298,125.22689847634098
115.77236502522022,0.42419758311011524,0.42419758311011524,0.7993119036025049,115.93194840436266,150.93111027604346
102.29063912120874,0.4100635318406026,0.4100635318406026,0.4542507919014266,144.47550291841603,185.3975322225926
93.36296066746301,0.2996028319727193,0.2996028319727193,0.24999589202320388,150.88629028618683,180.61324551237036
111.150087922787,0.22980478143914257,0.22980478143914257,0.3873489392952483,178.5500282620159,206.37697389567626
94.38726101438003,0.38162220140469283,0.38162220140469283,0.49109586791008775,128.1738119860643,160.95951611908282
117.02770692002122,0.15325150043095093,0.15325150043095093,0.22384990820945289,175.9624046440834,193.19179830125398
99.80509247162345,0.14490516410374962,0.14490516410374962,0.5087188496181707,160.98470485933976,175.919868613532
90.28023959046577,0.3148681312798336,0.3148681312798336,0.4061108628394917,140.9048625443508,169.75875031446083
106.04830371718725,0.10857117893657366,0.10857117893657366,0.7687466094362335,162.95889567133054,174.64178239156314
97.20112958824825,0.6116866938168589,0.6116866938168589,0.7121703000831763,88.42509775186124,131.47899754057116
114.08412662594853,0.5388635987388771,0.5388635987388771,0.5579453939320745,114.59373383224516,162.1329485757002
101.08015773302617,0.831242534635074,0.831242534635074,0.33782512668167725,86.22130860461769,155.26341131432008
91.0791903518008,0.41719146865773826,0.41719146865773826,0.7961274100145793,112.79252937430428,144.97992343549598
110.38259182945083,0.6329919749319007,0.6329919749319007,0.15089171029480108,79.3832716122,120.20695507794831
84.66564794933979,0.29928349847682173,0.29928349847682173,0.492012909441617,126.39252704665013,150.9332342607635
84.92380985957425,0.41428590570870993,0.41428590570870993,0.17784459944728484,139.04359378182002,178.99371802403
80.93912702634036,0.4638512449782478,0.4638512449782478,0.7183221207416984,114.41900502875667,153.35923422977538
102.4491895755972,0.5651461600923946,0.5651461600923946,0.49568945784221574,90.83295346822584,130.69807762394058
111.35571906370717,0.31922067621480027,0.31922067621480027,0.16326143488274267,139.9664347300487,168.75516690356437
107.67501768790619,0.45968025323350203,0.45968025323350203,0.7305875116724928,100.97193593242937,134.54358229293214
88.50358921599201,0.3801177011273149,0.3801177011273149,0.13557714307860547,140.52912982503676,177.80794307427206
113.21982112536946,0.28380926954214286,0.28380926954214286,0.4173586552549968,142.48467338296132,168.62325110130197
110.8822735493703,0.36451470960978405,0.36451470960978405,0.49508777009877936,120.1623476844401,150.20510485862494
102.42946854687673,0.8130670045932962,0.8130670045932962,0.4780345970938962,87.81126453025377,155.9149764293225
106.53484021244167,0.2981456094840489,0.2981456094840489,0.7601307889173483,118.09620009982856,140.06751788367256
112.90528454488121,0.4338844867706677,0.4338844867706677,0.4162173829932102,118.85396384033358,155.0635953623157
113.87803113784716,0.8779526655206391,0.8779526655206391,0.6641811697921548,61.60692937915978,115.29703440096914
94.72880439436425,0.8353992143846113,0.8353992143846113,0.3201956511891372,59.22173916206974,106.55955472287756
106.571999981248,0.981091267792704,0.981091267792704,0.5093475748486052,63.93539693589138,132.61061293866584
117.21511062996555,0.5434733873228053,0.5434733873228053,0.3914379777455851,118.66801436104753,168.5374468871169
115.88099842164742,0.46150995045741805,0.46150995045741805,0.29151139359448136,121.31623441454703,161.20936084072235
111.28594305218466,0.7125806179852641,0.7125806179852641,0.6942711245394738,86.24534999618434,139.68949216806965
89.73665104767204,0.28587796322074543,0.28587796322074543,0.10626409370287132,157.28944841467583,184.98691891059806
96.7051978520191,0.9640309159754933,0.9640309159754933,0.715777774339159,53.910095905559494,109.69371429369319
80.38308279991881,0.2500301614792493,0.2500301614792493,0.3741484669284373,177.13429203575362,204.04382419829602
83.22046759693222,0.8447691192331797,0.8447691192331797,0.29446102626983006,69.93450223401021,127.44565158714498
82.83154666491929,0.2535617090438006,0.2535617090438006,0.11417865891820522,169.8394824617663,198.74307529809406
115.27733693779388,0.19086643959989974,0.19086643959989974,0.10550980526568446,137.77041426415875,152.86234377435184
88.28810794919501,0.19581045578892708,0.19581045578892708,0.5278940980528998,191.92026275897223,215.56534931043703
98.0977375944926,0.5809815201734304,0.5809815201734304,0.6580684189578982,107.36330065608146,156.17411222835784
109.3211267417085,0.692065173684608,0.692065173684608,0.7837244875927019,102.27266947066965,162.91004566706513
109.12254982260318,0.12218208337682199,0.12218208337682199,0.11773034156887546,149.3246357055556,162.77007809970394
111.6422845436171,0.7945224199603713,0.7945224199603713,0.18289036890392518,90.48325378476082,157.32223296023764
111.16346162166721,0.9893831225229082,0.9893831225229082,0.43931676269300857,65.72241625464787,137.66599935605032
101.39110156182527,0.7822456538404877,0.7822456538404877,0.4475975769931787,64.26966260066918,110.14586059444053
85.80154946213683,0.5184157101211753,0.5184157101211753,0.7961673920658155,106.50311274810896,147.96744284226946
93.29690799247547,0.25436381416453396,0.25436381416453396,0.6119898099442582,161.596814235833,186.439103888466
117.1739907479108,0.7037176330369336,0.7037176330369336,0.5298798921172696,72.47747781071244,116.34636690835035
81.22846222448574,0.8357691227185944,0.8357691227185944,0.765560456858175,63.806629488134675,114.99026521556068
82.54900610317776,0.12261190804161015,0.12261190804161015,0.22234916195860954,209.36953461521455,230.46495651781507
94.80902972101038,0.590774467188578,0.590774467188578,0.5185335434077499,102.82189366457547,151.09474842254153
102.28746571316566,0.49445258720700425,0.49445258720700425,0.28172865908367617,113.8675685439672,155.47742150624825
87.0132411581928,0.8033083669210669,0.8033083669210669,0.40929588383687276,88.36087526364999,155.14260655976025
112.40630393118428,0.9603664858668455,0.9603664858668455,0.7937575013687078,50.29208825024947,101.44206900661909
114.73308411333836,0.9128550946576687,0.9128550946576687,0.5101836711569591,58.40642078954417,112.82100699154473
111.67769045601659,0.7841381052960549,0.7841381052960549,0.26892364020048426,89.76047434884457,155.1881868835983
81.83437065131282,0.4170999326930973,0.4170999326930973,0.605033046359047,131.17996090702076,168.6484688743495
105.8285272383992,0.9087822827440766,0.9087822827440766,0.3791865235946674,56.28815748358002,108.31820904659324
109.20907007667293,0.2177308433540146,0.2177308433540146,0.23923591222787297,168.18506166649306,192.5969363663974
111.13038853944553,0.6856706050396553,0.6856706050396553,0.22513757181971553,78.36943400769468,124.11880347329608
80.91320932573193,0.7796864105030952,0.7796864105030952,0.47471382315447164,72.28330778683896,123.8336254394572
117.34666053492117,0.8535365155071877,0.8535365155071877,0.21200283280122614,60.251587357165,110.0250422702158
103.86670841621472,0.2937040536996781,0.2937040536996781,0.48512972112988106,116.79260809749644,138.10923167404664
108.46888579235649,0.1325735273291605,0.1325735273291605,0.15579253117799327,166.84692741067894,180.74780095696119
82.75862607270886,0.27409110404821135,0.27409110404821135,0.3482827970981546,144.74461260002766,169.34947945336575
85.22786147181678,0.3528679831061593,0.3528679831061593,0.18210439869788314,156.64819653161095,194.32558452517148
87.93242756182391,0.2537871249680581,0.2537871249680581,0.6260933784957691,167.8796478874996,196.6369920710579
82.66627613322109,0.8260766449571362,0.8260766449571362,0.1240269776588266,87.04968446713264,155.86874293143623
81.56665065393031,0.19689500478216104,0.19689500478216104,0.7168124458439986,191.8785332930775,215.82896897863225
103.87671034015182,0.2318353352497788,0.2318353352497788,0.4283904950110844,139.6829156698825,159.79543790854692
105.0308455557331,0.5382474339073704,0.5382474339073704,0.4563804781998788,101.28986130799018,142.7056086133095
81.16549990024954,0.7901503769314411,0.7901503769314411,0.3308149658767162,62.5265203319825,107.85520295366422
115.8594014328179,0.9935729387736846,0.9935729387736846,0.5047884476400034,48.91202857197098,102.1187061866747
102.0554723684231,0.6320962670097546,0.6320962670097546,0.7657647756164049,106.97181164641044,162.18224367213304
99.95000551801272,0.40123683757040396,0.40123683757040396,0.4578972284850036,119.48648157488131,152.34177579950182
119.90368667526826,0.6639107025782612,0.6639107025782612,0.5397486650717163,91.90422010319666,142.86165389465603
104.18643398199418,0.8474600681901999,0.8474600681901999,0.3320831523829621,71.10464248799254,129.83923552585404
89.57912053616344,0.2860721503578234,0.2860721503578234,0.16018353790447168,163.64026173269204,192.88082836987522
93.75665924034368,0.39312898809576613,0.39312898809576613,0.12716812181732523,139.18274966010347,176.21480859852971
117.88864751185602,0.33348359543277,0.33348359543277,0.2851409399119724,126.08799201361742,153.0093245529633
108.90092621194655,0.6855295842850313,0.6855295842850313,0.5580471224824107,72.08797287883756,114.04697500234269
103.5520672573073,0.980155723976281,0.980155723976281,0.45762420820830374,54.04489545321643,111.85496534298188
99.16303316105103,0.611737997143479,0.611737997143479,0.28201820331177907,104.35781964903413,155.37214735612912
84.89060068891301,0.2889275505532868,0.2889275505532868,0.7479584617900642,157.1931942682288,187.33712209582484
89.38108698902901,0.6534492484726734,0.6534492484726734,0.4432012096702773,82.5969290621246,127.48730644771356
96.12988389359377,0.6654418333758338,0.6654418333758338,0.4659233294252981,97.42861537660396,152.16839461296962
99.16816673803643,0.33280730385766094,0.33280730385766094,0.40279563483650316,143.78059239060553,176.0065994494735
83.87577703073501,0.4326800628717089,0.4326800628717089,0.1708678544192131,120.36349794798393,156.40114141394318
114.27913338975614,0.734091087348051,0.734091087348051,0.23109666186682207,90.54864872034234,149.78289518046816
104.35341810738873,0.10617679319080284,0.10617679319080284,0.4521815657778775,171.92196324111816,186.59395133727273
109.71292308639366,0.34109029441143235,0.34109029441143235,0.434282182836215,130.21426186550724,160.74625352417604
97.88960823537393,0.8350547994491301,0.8350547994491301,0.5471555660393018,66.98145374049567,120.74888646703297
108.44465289840713,0.3838260359554708,0.3838260359554708,0.5920118673515136,135.8249217567992,172.06713271935143
84.7928076903472,0.4996285334961986,0.4996285334961986,0.5879944559613662,112.82543003015653,154.99996809809392
111.34246403504619,0.8025694521848997,0.8025694521848997,0.5600740216199803,64.15825095999752,112.04541722105485
92.28980792123079,0.8364672522087307,0.8364672522087307,0.3111331565613237,58.80828081380644,106.05035050546064
100.05324772056285,0.4510999002762426,0.4510999002762426,0.7881303416308649,142.13422673329768,187.97483116343383
89.28809654584866,0.4537143399258666,0.4537143399258666,0.559174807547652,113.48550108760115,150.08007959328492
97.3596468752462,0.11958100041226041,0.11958100041226041,0.18658255812740931,176.68087763953903,188.39227574339589
103.33281484977775,0.9436775136585936,0.9436775136585936,0.7437530516158752,55.78967072765071,111.39610281340033
111.17129011675578,0.28203010541018436,0.28203010541018436,0.1853396282361433,149.50883360477357,175.7080852905002
98.7515412421013,0.1858481025489606,0.1858481025489606,0.6152927816789409,189.0230746297507,213.3138432546182
102.67972428132555,0.9185388651618926,0.9185388651618926,0.5571641765712051,57.514787560179414,111.97860099898304
98.8322014810247,0.3519020576469222,0.3519020576469222,0.49058974725286875,121.739820333322,150.68144426558484
117.5040471348477,0.5487262279671089,0.5487262279671089,0.4328477283316071,84.58415714692964,119.85189968369606
89.81445754188752,0.17646745541970582,0.17646745541970582,0.7639599730880274,152.58325690540417,169.90826383638475
101.43696220872926,0.8941767308114423,0.8941767308114423,0.16092473381357023,72.30566226054638,137.75437382830026
107.80499765220378,0.7546303728886408,0.7546303728886408,0.2821402487553651,95.55171986865987,160.25536455750634
114.87656253986444,0.7400343774598114,0.7400343774598114,0.5355442059335415,71.41137622652988,118.34391211408139
84.98081142236633,0.750595695938411,0.750595695938411,0.744111940157509,70.55318455230905,117.79816829898246
94.9944077280375,0.3497323974409328,0.3497323974409328,0.7304681683163972,155.09195577227786,190.6343292900671
119.48757160555688,0.35342340623244617,0.35342340623244617,0.6765158607297451,151.19511257120868,186.26026274702377
111.28832414266446,0.8336993061954178,0.8336993061954178,0.7325919755080439,71.62191017345802,128.89155439103445
114.24229216110936,0.7085601547961227,0.7085601547961227,0.23174829535596245,76.37163226985571,123.22407962433297
98.56438962768422,0.9324339121698628,0.9324339121698628,0.283586288039827,58.16928019439523,114.89973258588863
108.97507038995221,0.4314191354537241,0.4314191354537241,0.41787162739270134,117.66897858803176,153.68315621742244
98.85426591864868,0.6580839217012064,0.6580839217012064,0.333821103902215,76.74467328231272,118.83625108144973
88.46124317786446,0.7666212197326651,0.7666212197326651,0.6406131952214856,90.59146819489203,153.63468715059892
85.70161289211785,0.8592499053771137,0.8592499053771137,0.21973376128818334,81.58728576898099,151.0004721599764
119.42753725947222,0.46759113329786084,0.46759113329786084,0.6079945314300174,134.70300529461795,181.01654064984626
81.02439626599798,0.15280152964835447,0.15280152964835447,0.7736667992596673,194.04962174024408,213.77425495535954
85.86407484016576,0.13907997299642236,0.13907997299642236,0.43590228023573985,152.55215212926564,164.70481854970333
89.50915362058306,0.9060948206196192,0.9060948206196192,0.7395943420506212,72.07462808121032,138.98907004559777
94.00300105221149,0.5565548562165693,0.5565548562165693,0.2993695634717947,85.47563705437669,121.78517145058785
95.89221723709909,0.4344017717423503,0.4344017717423503,0.14293381275590278,145.79270248639256,190.09125664465873
97.23358645070769,0.9851371080137907,0.9851371080137907,0.6307245725177265,47.13909418446324,97.52231580894957
104.4952600072325,0.4296533551651869,0.4296533551651869,0.4161406878659435,117.72226745710682,153.00457486315628
88.46544849219974,0.4500833171754157,0.4500833171754157,0.7525071380034934,102.26729364745461,134.90972961405618
90.00548434698203,0.7971716931438787,0.7971716931438787,0.5139550809403755,63.64630516234628,110.98534342851681
99.93944747824736,0.44626722811430775,0.44626722811430775,0.6675612582441871,120.74798730213296,158.8433921988048
85.75484243455647,0.5862266863994964,0.5862266863994964,0.14572980742278704,92.89133972409705,136.05758871683437
88.4195441110648,0.915771084095596,0.915771084095596,0.6551524184063144,67.7998826968208,131.9878954139082
92.22196616937765,0.5819241004516955,0.5819241004516955,0.5241636969173912,83.44524187967811,121.47583576183156
112.65715301863116,0.10946031283700203,0.10946031283700203,0.7159368633238322,193.11213853157426,209.040376368854
87.29876850210056,0.48112504437054393,0.48112504437054393,0.5398685166280188,108.91903094775243,146.6500376148474
114.37961585754796,0.6995704052206487,0.6995704052206487,0.512296092685197,69.6483896519697,111.38507264513723
112.43328181178077,0.7274848766490618,0.7274848766490618,0.32611093755781634,88.27334776434704,144.72634055973754
