S0,rho,T,r,lamda,vbar,eta,v0,Swap_Prices
100.9954331,0.202153536,0.897299745,0.614701031,0.421201381,0.143540221,0.302593482,0.334365981,0.544403751
110.9212925,0.211339064,0.462227479,0.448217096,0.376252527,0.225390818,0.325866857,0.565569269,0.731700899
80.58883803,0.309496092,0.967524615,0.622973437,0.318923539,0.231886479,0.117882554,0.78691548,0.842658444
109.5367157,0.33916439,0.276166353,0.25120814,0.756766911,0.160711345,0.275955111,0.218769062,0.460601683
86.95723484,0.122193818,0.868125505,0.281423044,0.899201068,0.420995806,0.063782854,0.762047783,0.811561593
110.0049997,0.262510451,0.140853709,0.6120541,0.131586949,0.494894918,0.34609912,0.72674326,0.84973813
116.3376399,0.136138725,0.900819246,0.623091542,0.712110111,0.534261968,0.212969826,0.676040653,0.797056741
88.45960358,0.216214111,0.208309506,0.172283988,0.879523129,0.175286792,0.120443488,0.569192299,0.731923368
108.2229472,0.13764966,0.149557418,0.278339939,0.775176155,0.548655933,0.387287126,0.425925712,0.657956577
88.26787858,0.189654995,0.835113418,0.276618251,0.19248499,0.5095567,0.299755683,0.515868234,0.713991479
116.7503689,0.325701057,0.40090576,0.692032374,0.686755471,0.175098841,0.376889965,0.325665958,0.54843881
99.40813732,0.265477209,0.61422257,0.615352475,0.107314644,0.365674295,0.393608613,0.447038437,0.661203943
113.2397826,0.318700329,0.844646306,0.466357375,0.573590552,0.408696003,0.336723671,0.569326371,0.728356031
92.59140472,0.136208313,0.360151978,0.298075608,0.816415255,0.598838136,0.102878469,0.653272916,0.805457582
109.7804599,0.297665296,0.970987798,0.541471736,0.606791214,0.470158515,0.383986602,0.119907212,0.447098615
108.0920169,0.252003957,0.55168557,0.549468515,0.678956854,0.373330135,0.334655817,0.162176233,0.438709638
119.5309851,0.351112179,0.824690366,0.535101723,0.533329296,0.514349761,0.12021685,0.32787621,0.602475141
87.56806023,0.110270314,0.681653914,0.706852591,0.216384068,0.309231727,0.089836538,0.204243956,0.459980839
84.17007432,0.376146897,0.184615252,0.193610091,0.515160359,0.178633365,0.373934385,0.754483399,0.851571301
94.7770247,0.230423937,0.600465236,0.396026169,0.258583013,0.405796746,0.283586137,0.613855519,0.770759417
83.01404101,0.124834826,0.707947782,0.522924404,0.577202949,0.418965922,0.298761214,0.27351346,0.543810338
112.5698593,0.179699164,0.667984312,0.220795543,0.416036515,0.287940969,0.06898603,0.341932149,0.578425417
101.5076241,0.212786803,0.734004045,0.594810099,0.774961248,0.281954417,0.097816825,0.683020254,0.76744932
86.57851508,0.375405144,0.23241142,0.703771942,0.516072198,0.481056888,0.220635168,0.186980451,0.451208802
97.74520178,0.306643387,0.320513977,0.365783929,0.22781585,0.383324258,0.070505301,0.590033025,0.764937397
92.27151402,0.276811459,0.395526467,0.497567931,0.330800454,0.557169209,0.040398977,0.110172718,0.371921099
96.20583982,0.124391651,0.181168716,0.230682693,0.403440909,0.511276583,0.276870806,0.588360673,0.766114189
107.3795032,0.157372854,0.842799092,0.188779395,0.630770306,0.330078615,0.121905599,0.238673066,0.508384013
83.98857988,0.382470872,0.690397349,0.782190933,0.862346667,0.278422663,0.07016672,0.318042369,0.555802883
82.47188252,0.280475735,0.361432578,0.453296261,0.38097062,0.572893114,0.277298581,0.58735706,0.76190343
92.44985976,0.131125983,0.248311899,0.156738365,0.588158718,0.40710636,0.099270984,0.284949108,0.541676774
107.8052001,0.370889072,0.17253767,0.476734782,0.544620042,0.465691923,0.12269391,0.174886697,0.433361245
89.95397503,0.395106373,0.16673344,0.416115507,0.262329996,0.430509806,0.093137882,0.250799003,0.500758776
114.1039895,0.349179628,0.901632801,0.186863281,0.465790709,0.296598058,0.217065049,0.708075604,0.792935122
107.2158271,0.108368721,0.473205569,0.269810139,0.189379805,0.323518518,0.366897916,0.486530826,0.687691435
113.1224983,0.266059905,0.710828227,0.252240999,0.73577993,0.351422765,0.088688579,0.328629972,0.576914443
109.5310807,0.392799806,0.641099405,0.287901003,0.855788201,0.398220662,0.3530797,0.296619192,0.562191902
115.2442819,0.140714097,0.423111186,0.578495763,0.520760756,0.374880943,0.123618606,0.581462632,0.74861613
97.0103766,0.267385826,0.548160082,0.109209976,0.875349429,0.253547914,0.166130258,0.65990579,0.756743985
95.07178646,0.189049293,0.495224972,0.286113719,0.639264648,0.158739843,0.089122385,0.163225031,0.403479316
80.21751766,0.356586592,0.492819241,0.595137413,0.535896284,0.549537081,0.044332951,0.727105839,0.83895057
112.8459707,0.121339242,0.902381698,0.676906455,0.586394972,0.266230444,0.257578611,0.161955112,0.426734652
102.9199909,0.272942714,0.516773506,0.368147502,0.193885001,0.41984173,0.084879357,0.650081226,0.79814957
85.48817542,0.118815954,0.727772471,0.132579218,0.136753933,0.135140057,0.210295915,0.611004233,0.765316704
100.3843671,0.19419147,0.244349058,0.756834309,0.21063907,0.139836037,0.259321478,0.322861521,0.562592
90.28722758,0.192840717,0.894180897,0.521316197,0.456822464,0.479467617,0.27387239,0.452889985,0.673620944
84.82237379,0.190233563,0.348930591,0.350646529,0.850538386,0.326947523,0.365899325,0.668714276,0.788924908
104.0405466,0.387056677,0.509273632,0.383840299,0.649908039,0.518172082,0.247990479,0.475061283,0.69192229
83.14075467,0.190907729,0.207175534,0.494894866,0.322677258,0.574146398,0.377883481,0.504398446,0.707620902
111.5309338,0.143688752,0.456552183,0.232661095,0.591076099,0.53327644,0.061713054,0.757027865,0.852114709
115.6625695,0.360319565,0.222176036,0.703783488,0.210539789,0.442846031,0.178411761,0.641730272,0.800513621
90.19605571,0.301089549,0.837192272,0.63774068,0.880816128,0.395953089,0.313253606,0.214714605,0.514450707
114.1062715,0.321465858,0.587242212,0.412481489,0.542446786,0.583424587,0.270146194,0.612014781,0.778949298
114.7473506,0.395747139,0.819213808,0.610116275,0.378799809,0.303669627,0.289537593,0.14840448,0.407096107
82.58522545,0.169216285,0.608146481,0.374452423,0.26400203,0.308941974,0.319066784,0.422671304,0.639933182
102.7462767,0.305579906,0.428826178,0.139413195,0.23123241,0.13938668,0.337427849,0.561726909,0.732530558
101.3898451,0.391673146,0.431952086,0.744627749,0.11771412,0.134060251,0.13769369,0.731899119,0.847423204
97.6591048,0.22690988,0.339581127,0.151082225,0.773525314,0.262787082,0.202358761,0.287867896,0.532846829
90.08389377,0.239277491,0.124763752,0.670473372,0.514814017,0.594033836,0.340050013,0.573662779,0.755825456
107.039904,0.209372389,0.352533338,0.216475655,0.52877833,0.193104691,0.053631415,0.267737886,0.511966162
103.2661814,0.252019101,0.512092468,0.375773134,0.590906234,0.529258022,0.316872719,0.769341417,0.854926907
109.5515822,0.207580325,0.653047524,0.359647945,0.781822018,0.407495849,0.129102384,0.451620118,0.664690263
112.6775478,0.356278819,0.976612536,0.536133616,0.537988819,0.122359206,0.098682058,0.712696818,0.761962486
111.3310299,0.320265299,0.303654453,0.328516297,0.524524617,0.208977103,0.113742454,0.748404098,0.840427523
88.96897921,0.185124156,0.760278086,0.607600241,0.445965763,0.422802278,0.077544276,0.108272435,0.395160084
95.22888229,0.18503543,0.223914992,0.220894847,0.400780776,0.284681912,0.06717835,0.760638081,0.859468578
92.87944388,0.317382327,0.609209767,0.377517848,0.407000237,0.3662888,0.355397445,0.686166858,0.802569407
92.73825063,0.143947751,0.92285056,0.484082404,0.383680252,0.214530763,0.104517221,0.701209342,0.790319208
80.41840389,0.269115646,0.828917641,0.280663319,0.496361351,0.188397901,0.295559705,0.662032867,0.756090292
80.94892264,0.368828244,0.961656418,0.268066826,0.296278535,0.469668696,0.131726648,0.568091131,0.744122162
107.8027306,0.246235769,0.423404922,0.751614191,0.401073097,0.133743461,0.245967097,0.612024752,0.757145302
101.17202,0.106719702,0.520633149,0.2496974,0.743730055,0.116796466,0.241377453,0.558249044,0.693024939
92.18361772,0.182582528,0.343254288,0.333926382,0.336520999,0.120802723,0.111180842,0.332867658,0.566243095
107.1184108,0.39088665,0.6756467,0.189096739,0.287221065,0.205036296,0.30086471,0.748336925,0.832364673
98.09627927,0.114619773,0.885150063,0.23344921,0.584140334,0.521480758,0.169713976,0.61530679,0.769434591
114.3306701,0.339044124,0.391113887,0.29752372,0.367275608,0.582319232,0.394805625,0.338463205,0.592099826
93.13087695,0.298503554,0.795365842,0.411841809,0.264587741,0.570965005,0.122347329,0.704713453,0.830557731
98.28756557,0.146197353,0.587742661,0.370715666,0.575445485,0.122367006,0.379255465,0.154293529,0.37883056
106.0384646,0.181529353,0.885425233,0.795267496,0.120493197,0.595794416,0.168889032,0.427939036,0.659158512
106.9826424,0.257123115,0.54843682,0.63978783,0.445297621,0.10726429,0.134149524,0.558076711,0.711048568
82.55669959,0.317494124,0.419075372,0.142541615,0.748013644,0.314758388,0.156307004,0.777301276,0.844264635
83.15718764,0.120599858,0.762726069,0.133106222,0.79906555,0.529936735,0.396412904,0.533221928,0.724126421
103.9847145,0.307287483,0.38143322,0.174730309,0.786739438,0.2212076,0.112372946,0.408574911,0.617465721
113.192724,0.319367761,0.422407205,0.13228997,0.378398953,0.248535238,0.2515646,0.341403957,0.576602875
118.1389745,0.112079798,0.206467873,0.794191832,0.761665807,0.119663934,0.325073213,0.356972675,0.577917245
88.25146119,0.346725006,0.977344124,0.318870594,0.84020549,0.41587865,0.208431848,0.755827678,0.802464208
86.13238258,0.26336208,0.664893393,0.767447883,0.301168607,0.306668006,0.180007769,0.427764227,0.64384537
82.60447612,0.34614633,0.777415908,0.244730838,0.337744333,0.55533145,0.137014935,0.378360245,0.63182255
102.2177595,0.252854719,0.487104761,0.155192314,0.133456963,0.113044702,0.213691427,0.39455427,0.620262253
118.1917566,0.326431142,0.357030759,0.433475786,0.135533337,0.449920336,0.289914713,0.522662634,0.721583063
104.2926506,0.288279644,0.260054904,0.200424031,0.458136541,0.441554339,0.055263323,0.698451008,0.827034363
90.90497312,0.318653887,0.681274071,0.794201455,0.463200973,0.47798032,0.040145487,0.229936763,0.515215353
83.1544559,0.198414693,0.172245505,0.732499325,0.749246758,0.134212357,0.051770745,0.181798179,0.421921327
116.5262278,0.338381392,0.163957071,0.759047537,0.399074011,0.314513967,0.204414254,0.284551622,0.532912486
111.0459619,0.296085431,0.138594452,0.66967895,0.497805153,0.332916241,0.129896731,0.236818086,0.492146885
119.4656814,0.293650562,0.800005295,0.113785415,0.51458896,0.327314405,0.226938611,0.787032926,0.837134428
110.7950395,0.294223751,0.58675527,0.388097,0.370213173,0.274298422,0.385985475,0.118684847,0.358271566
105.4867182,0.112973242,0.466940882,0.692119105,0.733269037,0.507995196,0.060959357,0.6217552,0.777171462
119.8237094,0.335812429,0.317244201,0.221859275,0.581714472,0.561410447,0.125475282,0.290454599,0.561663663
119.6663959,0.220902577,0.700849894,0.120113225,0.787524008,0.286750156,0.387008688,0.271195824,0.518555212
87.30085413,0.174641755,0.517448036,0.54297678,0.101660713,0.2943549,0.186118473,0.720203294,0.840847656
83.95618431,0.382438335,0.969689226,0.37093934,0.510949029,0.280893698,0.086046439,0.734705334,0.798738996
95.94354307,0.303711415,0.550958967,0.484675105,0.875524735,0.245984381,0.033967146,0.529941643,0.68705798
110.4055147,0.247928364,0.774432695,0.794436329,0.862815177,0.454063914,0.16142554,0.218004979,0.529678459
106.2081128,0.244812382,0.944507188,0.600093926,0.587538023,0.315433435,0.084396763,0.29483558,0.546290276
89.70160875,0.251208099,0.753722036,0.254524033,0.587270414,0.332538901,0.178973313,0.226286733,0.496166864
105.8945511,0.296254294,0.676342436,0.697476512,0.321005415,0.293203602,0.334976398,0.221385001,0.472052671
110.3388601,0.220739959,0.807113755,0.75807228,0.136984961,0.241620623,0.276214309,0.683156709,0.808447665
98.7828736,0.288983484,0.137365578,0.640796595,0.206379139,0.255270353,0.162303612,0.207470967,0.455921171
105.4072513,0.157952248,0.410145261,0.78736604,0.869343618,0.342827163,0.189060668,0.705860188,0.804716183
88.48918166,0.20599867,0.98269516,0.232307366,0.240220357,0.561251031,0.332403278,0.615845889,0.776654588
118.1702924,0.314583274,0.599968784,0.592398832,0.470002485,0.365925477,0.139399154,0.314800472,0.565723241
90.07674987,0.138938877,0.132531999,0.272464241,0.346847827,0.571634771,0.233263847,0.596080852,0.769517525
115.6941916,0.111356744,0.114861525,0.114173476,0.861834907,0.153663757,0.318265112,0.307865046,0.550848856
96.48349583,0.283795035,0.195054524,0.545161563,0.705330639,0.46192814,0.230280842,0.785231537,0.870049511
116.4301841,0.238086386,0.224854415,0.753079226,0.149949161,0.125720717,0.105032522,0.177418593,0.420618795
97.64875299,0.325344634,0.520906548,0.712322687,0.548985562,0.109943205,0.312821377,0.443309586,0.629436772
108.6815972,0.376537059,0.408572368,0.705010061,0.88822067,0.121815548,0.347935372,0.309822479,0.52582647
91.89216468,0.27671432,0.491929086,0.201931549,0.302925838,0.162725387,0.050472304,0.596317154,0.753228364
95.14530735,0.313734952,0.485318959,0.346395197,0.462707921,0.556503521,0.161366156,0.768577901,0.862700261
99.6615399,0.257765275,0.792537725,0.318621533,0.737805613,0.567675744,0.215985987,0.388962883,0.656835119
82.1308374,0.377549317,0.458220429,0.24104022,0.151312097,0.594794445,0.324266076,0.179088231,0.435048283
93.90626993,0.310692736,0.569380277,0.649142738,0.47200441,0.347525183,0.22364407,0.669609493,0.792387114
86.64413082,0.160886857,0.483932146,0.101671257,0.637871704,0.211800502,0.257325582,0.462324917,0.653237055
83.53993334,0.321942139,0.419467663,0.389367144,0.770120276,0.580470551,0.050455556,0.115207876,0.427855983
80.11648773,0.125885301,0.769457008,0.61085774,0.848640585,0.476942168,0.057235181,0.487610959,0.696822257
84.46317847,0.183175436,0.173442412,0.5686068,0.859296445,0.152467368,0.36415373,0.477721432,0.672803949
82.65539154,0.19900769,0.80692979,0.113489022,0.445888926,0.278005866,0.209412745,0.402217442,0.616280068
81.4335516,0.300194405,0.802824633,0.26173649,0.754675224,0.595428409,0.324449989,0.549535877,0.744553336
105.2172699,0.255076448,0.742920761,0.518363561,0.677777206,0.282894061,0.382467287,0.614876468,0.731654747
86.02080257,0.362022013,0.694651954,0.206401215,0.25096676,0.209617561,0.380620178,0.133262195,0.362087996
98.92734591,0.175112006,0.569352731,0.458297629,0.519982093,0.184993914,0.240120515,0.230334659,0.470396224
104.9473841,0.206425467,0.697626864,0.651143208,0.819967631,0.473290327,0.287588968,0.11270699,0.443430772
104.1364225,0.228628082,0.363838811,0.447067109,0.31916748,0.561387641,0.234136584,0.719855219,0.842830199
88.95452284,0.105740686,0.603276378,0.470264319,0.358208511,0.329207597,0.26926892,0.182724071,0.440705308
92.3947377,0.224645178,0.654760105,0.482263959,0.505910317,0.425192091,0.220336322,0.784984553,0.854813271
103.3715614,0.17198077,0.732381985,0.760203706,0.663478202,0.324601007,0.334244349,0.403437375,0.617409356
98.75133022,0.173013622,0.226581394,0.129218142,0.673486607,0.189962715,0.21252883,0.434330044,0.642099548
85.49016106,0.378690728,0.674649651,0.46766734,0.498815624,0.273887365,0.037418881,0.79382693,0.845079359
106.40528,0.323562697,0.354382219,0.372565362,0.386164412,0.301954534,0.266114423,0.744677719,0.843585631
105.3616436,0.117235996,0.489389184,0.225010394,0.253689625,0.156797263,0.157795956,0.678673506,0.802699492
90.84987151,0.311852209,0.841765843,0.761254371,0.171783904,0.536660646,0.204969837,0.43146952,0.659346294
102.8261264,0.166761463,0.610502189,0.193233392,0.426146433,0.533816488,0.18000263,0.733201843,0.842937522
86.90509982,0.233892694,0.393423508,0.626848893,0.637830454,0.33640217,0.331155462,0.136450846,0.395289489
88.99569718,0.297449282,0.176579653,0.675609403,0.587982743,0.436522533,0.159698981,0.533379877,0.727224296
82.09488773,0.148104813,0.630093737,0.793044092,0.594452799,0.446485598,0.329706438,0.382702017,0.62443124
112.1688529,0.227533229,0.229896821,0.218752692,0.512311306,0.100915683,0.175348504,0.335644342,0.56925945
82.98504026,0.366276397,0.86723871,0.714776782,0.582356262,0.413717294,0.132170397,0.402484961,0.635564653
83.82180076,0.164736679,0.96382334,0.558481086,0.319905392,0.407444898,0.124129621,0.613200965,0.764625599
111.4748709,0.265754458,0.759119177,0.160624094,0.459452052,0.256917871,0.267288549,0.562325609,0.715045551
104.6235201,0.168026919,0.576432845,0.176153465,0.612403733,0.150977022,0.14181902,0.692672367,0.778273842
92.16630223,0.358792233,0.379569145,0.693001385,0.596945306,0.360578263,0.344910033,0.220673955,0.482520648
96.1815285,0.389737005,0.59830688,0.561954319,0.492016496,0.305702399,0.140825068,0.478356921,0.675365936
102.9649632,0.280289135,0.708477789,0.661396161,0.535001559,0.562049441,0.071730551,0.167178099,0.482842964
98.25752853,0.281446524,0.229795018,0.258035858,0.104889145,0.482546862,0.235831208,0.331312686,0.578030475
113.2577732,0.213219358,0.321665694,0.311075391,0.133605537,0.595399797,0.073246672,0.492825204,0.700566074
117.7642423,0.227660431,0.536247649,0.781859276,0.188288132,0.155150803,0.094089575,0.159105572,0.397716622
98.92736277,0.231776904,0.974663122,0.536991685,0.510720892,0.297375396,0.329487374,0.386091595,0.600429175
102.2671813,0.271885704,0.476853387,0.339765013,0.271056832,0.325627074,0.384543302,0.339392147,0.576251386
81.68969533,0.370938184,0.399331012,0.129963318,0.398982223,0.515925713,0.150623484,0.53494559,0.730380905
115.5038808,0.31593966,0.595161421,0.311752954,0.268096437,0.166934378,0.338383795,0.148079996,0.380923271
84.06721216,0.245832063,0.256087403,0.229872147,0.220644981,0.183241828,0.067725285,0.356161908,0.592537075
104.9755278,0.388011038,0.450622172,0.344663683,0.889442881,0.441647165,0.056278934,0.573853918,0.742587337
101.1797607,0.235989742,0.248306832,0.648023953,0.222347172,0.279197169,0.151139449,0.409306397,0.636979864
117.9863302,0.376188144,0.30902374,0.661556961,0.363662036,0.52631527,0.160928867,0.481928701,0.697398961
84.10959288,0.202400695,0.475109727,0.555870533,0.841778855,0.216532086,0.37960407,0.621924335,0.738807671
84.77224709,0.35818816,0.54209187,0.291970625,0.486433522,0.565085369,0.299015418,0.727942728,0.838315354
118.6398693,0.324925827,0.516990675,0.330790956,0.680846635,0.213211495,0.272209515,0.703002828,0.787669315
107.3928461,0.135094252,0.109255374,0.406811013,0.297082317,0.201678154,0.030278015,0.47110293,0.68306756
105.691212,0.305970348,0.271573994,0.208566133,0.53677101,0.212330172,0.130764132,0.214754519,0.462781258
104.2726393,0.26397637,0.589848956,0.174972047,0.284701027,0.210926817,0.332518486,0.183419275,0.425620565
92.72913423,0.149223565,0.399595278,0.440621157,0.108969043,0.146224509,0.299534368,0.681076207,0.816746867
112.1997446,0.276326331,0.956644315,0.574733579,0.753579456,0.209583802,0.141994875,0.547043702,0.669400214
106.7561115,0.376982506,0.241926086,0.574191945,0.325282498,0.551604821,0.389442983,0.594357666,0.771190074
113.6444639,0.367539366,0.814190035,0.209969193,0.199395584,0.389844432,0.184314747,0.674430338,0.806240927
112.151927,0.160781807,0.663181379,0.692612521,0.486328887,0.496715483,0.210648744,0.337205234,0.597771456
83.80785992,0.217406708,0.135184927,0.609591969,0.553754191,0.337752035,0.274637823,0.756135598,0.853103179
82.48752828,0.177193578,0.399283574,0.320779331,0.896341144,0.208412004,0.144285751,0.557488278,0.708480421
104.9547496,0.139226191,0.938797841,0.394660068,0.249267081,0.383859859,0.130224285,0.583832605,0.749059815
86.98211572,0.256462588,0.219816306,0.295128931,0.142917295,0.330911304,0.13200288,0.441238077,0.661938816
97.99674393,0.392163829,0.630994693,0.658941216,0.50139493,0.355963117,0.095085679,0.513598747,0.698670221
116.8212773,0.170073625,0.342721368,0.750735126,0.300293567,0.209960828,0.142974464,0.713629989,0.827860912
109.6426315,0.335147969,0.647989691,0.572822842,0.633691149,0.466055019,0.378725566,0.753644679,0.832733818
87.82317733,0.317033799,0.207901452,0.679332691,0.240270658,0.563177273,0.12314096,0.406918637,0.639991673
93.32738078,0.276978287,0.598202158,0.556539129,0.825357714,0.226666986,0.100017383,0.26353218,0.505510573
104.4024918,0.185452824,0.119779584,0.283644781,0.86827986,0.404707452,0.175787532,0.617495645,0.7730407
95.91584032,0.309094491,0.807801237,0.652894146,0.77800912,0.463842031,0.260162937,0.602877388,0.750350532
107.9068509,0.302423538,0.949681854,0.413625971,0.337743164,0.105171693,0.222709507,0.258365448,0.482840503
113.552778,0.108739942,0.508159334,0.305877929,0.625488343,0.418871608,0.303685943,0.313419492,0.569756892
82.82142082,0.113887599,0.128916999,0.627278817,0.286468875,0.57985506,0.127328949,0.433748757,0.658824479
108.8957621,0.381862131,0.902282715,0.498554253,0.881742631,0.539948067,0.218244195,0.191602636,0.545252961
95.76260229,0.346199184,0.304712865,0.292011977,0.752600348,0.276401753,0.122596387,0.264792703,0.516379344
112.1086568,0.371747163,0.74314275,0.23355336,0.209358673,0.179118067,0.233882602,0.537029708,0.711776406
113.4871757,0.234610754,0.396236498,0.494060076,0.729210414,0.446676312,0.04282451,0.259460399,0.533821538
92.58730597,0.36439968,0.939214506,0.315767677,0.485679624,0.413200448,0.324319559,0.373730855,0.613251655
107.382649,0.264404076,0.340247235,0.560268158,0.275098548,0.279508469,0.246825617,0.51740354,0.710938406
101.1939702,0.122588181,0.352063553,0.543260358,0.589720146,0.299529406,0.28035148,0.392677768,0.618392207
87.49354555,0.241071335,0.439631928,0.630185361,0.751386728,0.510589166,0.292733452,0.136174672,0.436154825
111.5632616,0.379516244,0.331570185,0.205500156,0.672360647,0.277020818,0.275004106,0.361980856,0.593145129
80.25390053,0.134275188,0.350905894,0.67972332,0.255076792,0.120794551,0.278234031,0.306028397,0.542996461
110.0897655,0.254612153,0.355224751,0.476595033,0.169667197,0.5797685,0.031797001,0.67477622,0.81986687
93.5401038,0.237684919,0.977110758,0.259999882,0.359940708,0.571461873,0.07297567,0.768139293,0.858397662
115.0644075,0.227245604,0.78698521,0.112796764,0.504174749,0.303589605,0.104145481,0.245874178,0.50508322
109.2406149,0.235877563,0.267828921,0.697187462,0.437103975,0.194046567,0.318250346,0.110176001,0.335712457
117.7796194,0.101130829,0.434707155,0.333043079,0.711909954,0.384414595,0.249141576,0.423852541,0.645764233
104.0429686,0.247756978,0.574950036,0.701749444,0.15659431,0.514482891,0.352379348,0.611487902,0.776277236
111.1390523,0.194323976,0.418932025,0.367245341,0.426117277,0.527868574,0.108813942,0.628196593,0.78729709
113.4630903,0.305548198,0.394129463,0.144380814,0.113294735,0.22489994,0.102774004,0.481644887,0.688620357
111.0435352,0.235279029,0.775386969,0.105180304,0.375992014,0.558590408,0.273459895,0.614204335,0.775594061
91.78972551,0.324401003,0.302211306,0.660467035,0.811960323,0.463409785,0.144575855,0.614040607,0.770385667
106.9538916,0.112542321,0.959651549,0.502845406,0.298000997,0.374378444,0.209335996,0.252880651,0.516603568
118.1451379,0.36263342,0.572212772,0.253689435,0.474220342,0.492351088,0.258107541,0.369261842,0.61711027
94.97692779,0.187946965,0.855665828,0.543882608,0.239048822,0.439355584,0.20875546,0.747026508,0.845429066
105.6183996,0.329907094,0.599034618,0.181269206,0.328976267,0.101076139,0.392976554,0.22280487,0.453661573
89.98529737,0.184960504,0.318622136,0.186896409,0.562946466,0.435021676,0.222976849,0.11308951,0.372947463
97.59597142,0.310218367,0.561116966,0.565061864,0.489105738,0.432496623,0.341501996,0.362144748,0.604938862
104.6103094,0.131204702,0.869839579,0.413154766,0.32936987,0.185002779,0.349714776,0.128860679,0.358743643
106.8301908,0.23566388,0.421058511,0.411762337,0.60685561,0.486459561,0.175030166,0.17300067,0.456338846
80.55482475,0.32415752,0.483610484,0.538790877,0.272697463,0.100054225,0.344398878,0.183935565,0.418202589
110.6887169,0.24592839,0.966890029,0.21422175,0.246970967,0.41272567,0.068208638,0.59823329,0.76059753
105.0470647,0.346068966,0.95168213,0.350128464,0.880767846,0.565746687,0.268221391,0.793900651,0.84734724
118.8016487,0.390843951,0.630631389,0.694584229,0.827100184,0.430728356,0.201102952,0.159918938,0.46743095
96.1312072,0.124429946,0.574121272,0.513426312,0.304959612,0.506138467,0.373162655,0.214795687,0.483369335
83.80423318,0.217067509,0.6153408,0.122892661,0.789376924,0.370644861,0.25280028,0.536352612,0.705737385
115.0257438,0.311783897,0.983597764,0.614237101,0.218182439,0.365472524,0.114647637,0.123868698,0.38362494
118.5679928,0.390774563,0.287984137,0.309437368,0.522374648,0.258880811,0.086243384,0.32208416,0.563670421
81.60813068,0.343248422,0.466569228,0.366995376,0.278792419,0.41386661,0.236261132,0.722969466,0.83736165
97.2435882,0.130268113,0.809956353,0.360472344,0.322397847,0.363043378,0.271236704,0.674785806,0.795407662
82.03276146,0.353720639,0.98144352,0.337928345,0.204123069,0.318803385,0.308559827,0.346278646,0.579522123
82.93300557,0.26252158,0.949168685,0.502748217,0.642186975,0.207917911,0.225364226,0.193992426,0.440861618
99.05853335,0.341731214,0.469185486,0.641897264,0.577126606,0.274018907,0.268644743,0.762401606,0.835176594
99.37278784,0.183038245,0.364019742,0.299252342,0.36392318,0.588188166,0.380704918,0.59351491,0.768781017
90.96955256,0.190564697,0.910362747,0.281429519,0.730948708,0.101594847,0.36939867,0.113342468,0.323106002
110.2684101,0.235885221,0.169900823,0.165571194,0.89056583,0.490184573,0.125972343,0.212460326,0.483188954
83.47744599,0.361252667,0.178014535,0.315032495,0.191437597,0.111936054,0.384402692,0.636417403,0.793810663
94.57672393,0.390596959,0.114912564,0.515749918,0.162799457,0.129600007,0.165689927,0.603470466,0.779342341
116.0328538,0.32653658,0.86771207,0.799899972,0.397210053,0.266690856,0.072617285,0.10538142,0.36069339
117.5156375,0.297070883,0.989609619,0.71194025,0.874426093,0.493951569,0.116870401,0.762912619,0.820318091
106.6692471,0.143876594,0.98712784,0.205046798,0.526346561,0.184832371,0.30743429,0.620028271,0.719944311
97.84408264,0.127460611,0.796225872,0.470491838,0.442997677,0.247057921,0.134994157,0.460801033,0.653496812
105.2667071,0.146964346,0.186910837,0.402590035,0.696403457,0.516523707,0.182009687,0.453084906,0.673446101
83.68387066,0.157631761,0.709346313,0.528959476,0.641899671,0.306587069,0.060936896,0.193222517,0.464346847
103.6443626,0.300796051,0.260882509,0.294653193,0.156085332,0.161701879,0.323641549,0.704005624,0.833670168
86.8312831,0.102927391,0.651694294,0.455100764,0.231892402,0.201727174,0.200486289,0.799804101,0.868619144
118.6410979,0.157709252,0.959369446,0.666518019,0.226122356,0.3368928,0.252323519,0.393489167,0.619474654
98.80503325,0.254755288,0.766785519,0.121086975,0.427842228,0.157532803,0.316741279,0.249982363,0.4798387
104.8313665,0.336552071,0.696781281,0.275681543,0.315111132,0.439849179,0.168659887,0.732580184,0.838070281
105.3910972,0.113702621,0.101553282,0.297574608,0.421927284,0.562915502,0.197422515,0.432411335,0.658702743
119.6747406,0.236830354,0.201533533,0.158707756,0.313794843,0.597643379,0.358746973,0.172707454,0.430582499
102.4668313,0.141504852,0.614717083,0.119051574,0.845999425,0.307938395,0.239585659,0.256192504,0.516187019
112.7734936,0.384407898,0.936865902,0.188235851,0.1276103,0.537824958,0.105363003,0.478459546,0.692849447
108.0969308,0.209016449,0.702329386,0.495220223,0.504434797,0.106091891,0.195915298,0.69068828,0.77357802
97.95173868,0.236825769,0.181585298,0.703041378,0.309112367,0.542460831,0.366630687,0.404602055,0.638954663
107.1337128,0.366640833,0.912362761,0.45560798,0.148575191,0.164540934,0.311056623,0.789249614,0.862003079
82.6627273,0.357726224,0.81810747,0.62703437,0.469201264,0.39552653,0.28416971,0.352531733,0.596400189
89.16141299,0.318428816,0.995747902,0.719832275,0.18888617,0.387538994,0.15488249,0.359111738,0.599957397
110.7270389,0.18982711,0.938617148,0.164335879,0.580080532,0.108861064,0.288826934,0.730912921,0.765086707
97.57120108,0.254815552,0.460806339,0.139686658,0.295069951,0.415111811,0.260662998,0.201786201,0.461339995
98.7301685,0.33123676,0.743772878,0.526549635,0.798860613,0.402978585,0.3376297,0.594277662,0.736029685
82.2564694,0.161644621,0.873631787,0.334311299,0.619022584,0.553793751,0.192330581,0.129976367,0.473800531
95.42430432,0.240302573,0.113743798,0.418161809,0.640053805,0.109561434,0.14703793,0.123745936,0.350444353
83.34858776,0.177502791,0.781958677,0.529911871,0.737816358,0.57663318,0.155413948,0.157719667,0.506358816
112.2462733,0.133127869,0.992930237,0.586074789,0.475858798,0.362164071,0.11823655,0.165819265,0.452330398
86.18635151,0.336346986,0.713261516,0.360858308,0.344015032,0.442630959,0.122519675,0.104657974,0.377780575
81.52848633,0.258790148,0.813564206,0.648360552,0.834601719,0.500652957,0.279372577,0.133969393,0.480291782
117.1644056,0.306091147,0.284315676,0.198441812,0.756747681,0.169223748,0.302034286,0.556047061,0.71887503
102.3300912,0.281490022,0.657590902,0.391332457,0.670324345,0.593698348,0.339246342,0.291766473,0.587030347
104.2862721,0.346473969,0.159523434,0.21557366,0.427815026,0.16045672,0.351255716,0.187883954,0.429046676
103.4977602,0.273967091,0.952679062,0.219331108,0.610382145,0.178245697,0.121854403,0.796380717,0.802549982
87.12066667,0.37554205,0.616988577,0.52980007,0.540731832,0.467054175,0.199682293,0.479180537,0.689650495
108.512586,0.145266878,0.888012382,0.19370205,0.723249738,0.332983698,0.141654996,0.127885942,0.424985216
102.888077,0.348000426,0.865513506,0.730767777,0.6049977,0.27477399,0.187332166,0.615605563,0.733100406
112.3747882,0.108783325,0.8955755,0.769149282,0.425372672,0.552800895,0.134009534,0.657640261,0.798628805
119.3164627,0.110237283,0.461362128,0.167381633,0.83218982,0.267337536,0.395462824,0.478671707,0.660361994
115.9712285,0.253805318,0.830407226,0.153385323,0.314763243,0.39527343,0.140753996,0.44909751,0.665126171
103.4489362,0.221640838,0.224356558,0.265378149,0.8963441,0.108366511,0.18858445,0.546636389,0.710441211
97.6934707,0.235272654,0.5445904,0.209426549,0.547761949,0.380664843,0.20819146,0.554367701,0.726464749
105.2997431,0.194112482,0.562349325,0.326600606,0.890382787,0.361986935,0.29543709,0.734255044,0.807976561
100.2219383,0.145626703,0.248555394,0.483592351,0.439451238,0.336366074,0.153119011,0.640810495,0.790727796
118.3580498,0.18749408,0.162237688,0.37225748,0.448050949,0.526441772,0.285464288,0.713698295,0.843721182
117.8905076,0.23597482,0.460094811,0.519933296,0.545481086,0.204951375,0.041687845,0.73672402,0.822852932
93.31352797,0.212575959,0.652844418,0.606882574,0.842077504,0.247614248,0.322108614,0.509612209,0.667573553
114.9621333,0.255246232,0.572735557,0.209290165,0.500330402,0.180764368,0.149788353,0.223826375,0.465873625
89.75262314,0.189367227,0.236994712,0.164264164,0.318690586,0.237766336,0.328176992,0.121280947,0.352376881
113.2010163,0.325434819,0.206555068,0.257422258,0.444207554,0.4255706,0.385818691,0.432886434,0.653559257
104.5479378,0.165363539,0.207452508,0.114643103,0.246067624,0.356134062,0.251858138,0.782059968,0.875562699
88.08042801,0.175969565,0.384044918,0.225727661,0.707218069,0.490957676,0.152870628,0.221712301,0.505142104
113.3340097,0.11941652,0.595477919,0.637696251,0.197705661,0.356593153,0.393777356,0.641443706,0.784563753
108.9306646,0.164552396,0.157942424,0.551577111,0.87544256,0.4650046,0.079259924,0.482369797,0.696016865
94.04941899,0.107885196,0.140271035,0.36465721,0.589879957,0.564553588,0.33832056,0.312138267,0.565018828
103.8966578,0.339051713,0.517450453,0.583123925,0.105403768,0.284672875,0.279209801,0.292269995,0.536725329
119.7943578,0.191047789,0.962916334,0.615686282,0.201861635,0.559473465,0.044876184,0.633310963,0.791639213
108.0294959,0.211497973,0.690525235,0.220441091,0.855557004,0.533964691,0.322280335,0.62395703,0.773179587
104.6351349,0.15947338,0.562619171,0.595493618,0.171315354,0.536855643,0.205601421,0.558532573,0.746227592
114.6275373,0.119956749,0.736329436,0.300272979,0.491058393,0.532324995,0.186737594,0.411140085,0.655064118
85.8909622,0.174798429,0.905651614,0.577370342,0.659108053,0.464738218,0.254080329,0.383812177,0.632666657
100.0911475,0.38520423,0.616337573,0.564551711,0.212190171,0.465097598,0.383855022,0.682030149,0.81337739
105.1757284,0.389428375,0.602338182,0.510061151,0.592051736,0.476184865,0.144109859,0.285890279,0.562140167
82.69778844,0.322273134,0.107713721,0.2785852,0.310536231,0.406365457,0.081046631,0.446977228,0.662051029
110.326281,0.151300382,0.451640228,0.295006683,0.570410167,0.202038928,0.177110633,0.427079908,0.633135412
88.7627529,0.287966363,0.365400152,0.428253883,0.663847803,0.304688282,0.390372554,0.390551054,0.613051311
115.3244606,0.187378406,0.81736211,0.31575351,0.108706466,0.185570942,0.078900642,0.701054949,0.824183657
98.79685187,0.153596298,0.12583291,0.671212011,0.823055091,0.184040631,0.226872856,0.738509517,0.844631057
104.9348129,0.233578987,0.466579202,0.368272968,0.280270918,0.455710858,0.06282523,0.57988626,0.755964768
113.5304408,0.130055564,0.107031542,0.30666162,0.540432714,0.169440165,0.231989855,0.241021542,0.491498933
98.1809587,0.120009591,0.953902833,0.142829298,0.731995466,0.441111774,0.059367179,0.196851973,0.514722906
116.3466445,0.380542829,0.487873531,0.688307512,0.377648342,0.186959344,0.317097655,0.586512161,0.740903121
99.08599921,0.203850989,0.892542335,0.113732096,0.290941208,0.500131384,0.247143894,0.686104488,0.813460111
114.5465645,0.315178653,0.150596055,0.792866366,0.850606436,0.21711456,0.155379361,0.288168009,0.534709947
118.4589226,0.305596409,0.316904397,0.492601683,0.829882171,0.116836818,0.243599497,0.259610586,0.491890054
100.3559911,0.391550165,0.14714084,0.266245918,0.8545699,0.323795063,0.168994046,0.516820692,0.705992633
100.5902472,0.350984812,0.796709093,0.672994471,0.296274387,0.407788775,0.113453545,0.790744507,0.86562811
89.24766856,0.257392275,0.629751153,0.580547125,0.556757193,0.575336377,0.034553757,0.214164775,0.520477077
84.93784476,0.266509128,0.642824893,0.446419201,0.576135486,0.569849429,0.137558867,0.356297159,0.625923138
101.1553403,0.351223995,0.366039329,0.146864968,0.293214589,0.50346462,0.28854034,0.358118635,0.601933281
119.9984283,0.129584283,0.434861445,0.187514459,0.1568214,0.533471814,0.225407819,0.490877573,0.701562122
84.26266689,0.175254787,0.453506636,0.151389539,0.625089554,0.532308229,0.061211661,0.178412872,0.472514756
95.36266549,0.118554829,0.921837917,0.741214326,0.660866423,0.529979974,0.378787206,0.538973515,0.727324928
105.3987372,0.219236435,0.511571821,0.43187014,0.110028619,0.201674945,0.173848227,0.509572708,0.707920954
96.58360017,0.28976744,0.506652883,0.407906233,0.801472283,0.478104089,0.03500841,0.281704241,0.562860412
92.68932843,0.369054757,0.281121857,0.361030574,0.137007706,0.255083987,0.057676111,0.381757127,0.616862648
105.9125237,0.202602715,0.463265404,0.702888109,0.149166365,0.36961915,0.398774711,0.384640116,0.615927064
119.5946392,0.178309039,0.251593508,0.583713703,0.643890308,0.285011538,0.075185702,0.575571334,0.742896879
91.17937028,0.180131704,0.622112069,0.106596097,0.888317434,0.49314193,0.033438758,0.31992986,0.600377049
105.3020626,0.120036803,0.480575099,0.533978181,0.774868171,0.366482636,0.391332635,0.167287908,0.441865831
109.3497194,0.223555244,0.264192246,0.759152426,0.454662211,0.102151995,0.193477089,0.611932694,0.762713804
101.2283997,0.317613503,0.433450901,0.797516964,0.297951758,0.267115775,0.219003731,0.532165199,0.716161788
99.19529304,0.137057923,0.746183215,0.493679356,0.192542115,0.213170783,0.257114362,0.794872612,0.865540072
104.2078698,0.228790376,0.702238373,0.679359269,0.151392993,0.512921476,0.210674904,0.640376142,0.794675476
86.83916049,0.283491248,0.995940411,0.1601725,0.162052241,0.368993048,0.189828179,0.416671535,0.642045753
82.29336689,0.239434656,0.903988371,0.592530951,0.607214012,0.30464301,0.39116221,0.756983716,0.802331536
116.4625891,0.115003155,0.576883666,0.736075696,0.120180536,0.157487975,0.269739072,0.1662076,0.401877826
90.45524806,0.133067918,0.679003921,0.793295621,0.842007848,0.276501309,0.168376199,0.110364081,0.3857153
85.51650022,0.325632177,0.912758153,0.262928698,0.672206522,0.241406062,0.15748351,0.340179733,0.559765468
92.9914797,0.269889975,0.926778081,0.12618326,0.739718708,0.263146173,0.07545374,0.424521852,0.616159477
93.83600699,0.227917787,0.932452903,0.690833136,0.548527968,0.563304186,0.270487352,0.518404249,0.724710245
100.2622964,0.227075889,0.778608954,0.742437473,0.789427445,0.174806074,0.078495778,0.123149547,0.368755375
104.7236776,0.251960573,0.217084521,0.273764671,0.218706103,0.552090423,0.394223233,0.344506493,0.590014637
81.2098455,0.236749147,0.57883719,0.658224652,0.328059511,0.536966983,0.170978333,0.422018383,0.658149056
113.1883919,0.391660622,0.247503394,0.113085251,0.684453608,0.592624649,0.270815315,0.426745606,0.661622995
83.75055375,0.282990762,0.757517033,0.135420155,0.619872474,0.505630592,0.166588778,0.743800285,0.834320633
97.16953955,0.28278966,0.82497894,0.261533483,0.203429643,0.437916868,0.057265871,0.197477263,0.465224508
104.1422673,0.26374393,0.59023124,0.440482295,0.409207027,0.52882868,0.201791737,0.270828152,0.546576992
88.46243831,0.101646737,0.168945158,0.765975151,0.683519063,0.247486811,0.221462782,0.651484101,0.793170729
97.27297366,0.285416954,0.79358859,0.4086461,0.820553563,0.245811829,0.341994976,0.51876125,0.665090845
115.9730569,0.155402582,0.464224719,0.299916768,0.860612437,0.130744125,0.191120484,0.147761741,0.380063746
117.1773173,0.114600109,0.154080059,0.736996594,0.202468866,0.583565948,0.0597415,0.554681433,0.748469633
107.030139,0.266864521,0.338029789,0.69046406,0.642387167,0.120497627,0.086461653,0.664898423,0.779178882
84.5312697,0.102678912,0.535876976,0.692850813,0.580142542,0.467057612,0.16366154,0.619764695,0.771238093
107.1300954,0.161187977,0.120657145,0.181610145,0.387555078,0.34426389,0.090051519,0.690332429,0.823135982
117.1644808,0.173652533,0.589300566,0.207498241,0.375005292,0.259836413,0.046467303,0.216163096,0.4697746
85.40602344,0.326860445,0.670359467,0.221158817,0.721558195,0.488124039,0.088237211,0.726850794,0.824268747
114.9434827,0.217892289,0.235686502,0.59107124,0.560713627,0.555081245,0.2990521,0.621021002,0.783512664
98.84269116,0.208729375,0.385095876,0.65841883,0.233389236,0.537105562,0.14606178,0.163562325,0.422155433
118.3424547,0.362452284,0.713788007,0.641615969,0.683818613,0.233786007,0.252169615,0.269317975,0.509681557
113.1042218,0.123777458,0.310930579,0.336706757,0.580367999,0.110256515,0.062540236,0.167595289,0.40263534
92.47349728,0.363187702,0.377710585,0.759536899,0.608572699,0.560368009,0.198105686,0.585592008,0.761419061
107.8329601,0.294604693,0.456252724,0.188705588,0.100121546,0.24246061,0.380481281,0.276893819,0.521018174
100.4934876,0.349446698,0.752438173,0.310408892,0.328350536,0.437908706,0.210444011,0.711923896,0.824293034
102.5754679,0.217578316,0.820809816,0.681345606,0.297481806,0.274418446,0.295489104,0.507903658,0.689715331
118.9385363,0.114812906,0.803681685,0.615006658,0.173362255,0.441990831,0.295875799,0.419493704,0.644763056
115.1306697,0.272884652,0.778627382,0.460442371,0.706228268,0.22602513,0.077971564,0.227736403,0.475944776
99.72102186,0.305716574,0.105558302,0.334721443,0.206011198,0.167358206,0.10605863,0.503992076,0.7066167
81.47491486,0.273520225,0.393754704,0.674581218,0.109272213,0.177425907,0.245597059,0.133591905,0.363766088
102.3286313,0.16049466,0.970342932,0.769078653,0.294103392,0.299710544,0.129334597,0.307668442,0.552416393
82.06262894,0.283211957,0.963231137,0.245028758,0.171406974,0.440368187,0.113561993,0.36783744,0.610829016
97.89982438,0.185792955,0.500293419,0.320017945,0.644289157,0.443799286,0.261187658,0.187666901,0.471540334
102.7849647,0.18060274,0.183679932,0.48655254,0.293786595,0.551972595,0.221625186,0.138162274,0.384297412
86.00993875,0.350430298,0.490239453,0.492839471,0.299366829,0.433787567,0.139256067,0.253730681,0.515383479
93.94995802,0.197176148,0.908282452,0.224873208,0.48122795,0.433210113,0.058535095,0.701181753,0.806734266
95.7740919,0.193226248,0.347023953,0.153396982,0.342957576,0.140784834,0.36469461,0.193311104,0.431708184
102.184347,0.159314502,0.297228995,0.564347167,0.486345839,0.165174482,0.3725924,0.735562403,0.834826517
113.5180723,0.135953339,0.648895339,0.404529753,0.726229871,0.16474116,0.119087531,0.123890012,0.362860069
80.68700898,0.151645776,0.520990471,0.498303211,0.745561289,0.575301805,0.194629613,0.575864067,0.757620036
94.1916803,0.207513971,0.792639244,0.282902359,0.287776577,0.340987592,0.291985668,0.472295046,0.673290266
111.6015482,0.144004897,0.41031712,0.476605654,0.510074999,0.507973033,0.117422957,0.469495399,0.686757576
83.06640612,0.309131446,0.816294153,0.763739806,0.523730836,0.242936573,0.148534967,0.245362953,0.493911703
97.07005158,0.194045665,0.801279802,0.376932121,0.126755079,0.111925659,0.201802387,0.508568812,0.69861752
99.11288718,0.186196948,0.799721591,0.6328364,0.163734104,0.350603,0.033418767,0.645116956,0.792014863
96.28708739,0.143324001,0.853576718,0.190868158,0.891096352,0.197352064,0.058582143,0.636775251,0.710072742
105.0358904,0.341622759,0.742471904,0.120546856,0.555194946,0.446704236,0.270332922,0.388655012,0.628479289
82.63988593,0.271194962,0.448989438,0.130034571,0.669815406,0.265884242,0.170111154,0.313962386,0.552037335
84.98428382,0.138038675,0.557633361,0.730371169,0.744376533,0.40491189,0.214304212,0.235669374,0.51395501
81.94362693,0.319402217,0.241142775,0.549030486,0.630268188,0.364719145,0.17695895,0.505072036,0.703801352
102.8170516,0.340221564,0.2554465,0.229835458,0.522926161,0.205514549,0.257379523,0.690975633,0.810949267
97.21329353,0.36517656,0.369883643,0.739608213,0.2277612,0.404391873,0.256156548,0.771223946,0.866840204
101.3640632,0.123694589,0.321637938,0.242522294,0.751810172,0.105238001,0.374903196,0.394376039,0.597960814
95.68069961,0.125920944,0.820727267,0.722246798,0.604008114,0.20922526,0.200281724,0.517549775,0.671165926
86.92583461,0.142893033,0.281925256,0.448268066,0.527912625,0.352200372,0.228678068,0.637511977,0.781692647
111.9125071,0.149647465,0.667702409,0.127316012,0.372302743,0.598765502,0.114053704,0.49618444,0.711797442
89.11230085,0.389417059,0.313018391,0.144814892,0.190273073,0.369544055,0.056214234,0.526610942,0.724582441
95.21813675,0.333038175,0.605005501,0.674256327,0.68931774,0.455529748,0.21738844,0.359379633,0.612478886
117.2801831,0.280448669,0.2186193,0.444779925,0.387148888,0.214496479,0.38278608,0.465895906,0.669711057
103.0839855,0.168138458,0.214291711,0.278588179,0.509802978,0.328691134,0.297893826,0.473163582,0.678130505
93.17981533,0.239171397,0.34116719,0.510999056,0.455673757,0.548991212,0.253719394,0.162687922,0.43689677
113.1446674,0.263171404,0.534869432,0.425906643,0.43363948,0.113455046,0.360742015,0.271759587,0.499569471
113.3767446,0.213240022,0.71191141,0.125912914,0.617076651,0.422586218,0.256377908,0.280343789,0.552256082
106.5069705,0.263106488,0.477030245,0.602133978,0.186802015,0.241308999,0.396504764,0.672220228,0.803833004
114.2924919,0.197230202,0.349479976,0.392556268,0.308566371,0.595433553,0.140688065,0.108778165,0.364662725
105.8438897,0.107298958,0.418244534,0.666047648,0.563989227,0.501009221,0.191781056,0.684688504,0.814587327
118.5830787,0.390748991,0.295750292,0.220456957,0.457474848,0.161023222,0.046049123,0.447725939,0.655114555
99.93256336,0.202059341,0.323581065,0.377380249,0.100801716,0.395163157,0.161647037,0.167815746,0.413511136
101.0311484,0.356672837,0.965940383,0.355770619,0.689360086,0.200076345,0.340484333,0.750667715,0.773293537
83.507315,0.260507948,0.33560293,0.656263008,0.286888655,0.11446453,0.117657479,0.141894473,0.374596271
104.6654928,0.320840894,0.898246079,0.209082033,0.253719898,0.437830884,0.215315235,0.471055402,0.681752296
116.4113295,0.309109733,0.343617466,0.409466127,0.110312772,0.134211006,0.1316959,0.656316115,0.80425911
105.8669967,0.180944198,0.625350263,0.136798777,0.781778327,0.382415683,0.099327277,0.558959486,0.722487008
100.2759093,0.331178624,0.89184541,0.276772577,0.723155473,0.345303479,0.230241029,0.483370033,0.667422927
94.72617823,0.184240418,0.80113263,0.705550014,0.463957612,0.47713425,0.363685811,0.5409969,0.723709094
110.5047813,0.311416397,0.837887527,0.104828929,0.138128693,0.433171277,0.27164436,0.576188585,0.74981018
82.51738105,0.186899029,0.624022189,0.550996062,0.503569432,0.100610451,0.215635108,0.170601925,0.39812711
98.84177094,0.176240031,0.493297252,0.298335127,0.844705095,0.232013572,0.398770323,0.403572626,0.605231217
97.14776983,0.188547728,0.87973365,0.577406081,0.126479608,0.262399922,0.125956423,0.59605531,0.759912162
88.01549155,0.198362141,0.107653212,0.463871036,0.122547149,0.594589132,0.198851664,0.432383249,0.651247841
119.5074553,0.316610862,0.835047977,0.289939735,0.112358989,0.303133366,0.321921584,0.631391216,0.781622692
92.9571523,0.309910705,0.241579935,0.380230654,0.106711833,0.42923501,0.312792281,0.334198628,0.57859508
87.21949619,0.171524333,0.794690549,0.188528607,0.759188701,0.13655799,0.330437248,0.392516748,0.568284121
111.4994749,0.392023805,0.545369328,0.32013001,0.595620651,0.220195236,0.123751516,0.702579084,0.794832592
109.5033831,0.120013667,0.987976954,0.317213282,0.670602313,0.219137963,0.273647676,0.225192037,0.468434424
116.8178688,0.295182014,0.571111025,0.345942002,0.769072137,0.307095193,0.194278875,0.448444814,0.649287752
100.3783401,0.169547281,0.579412714,0.420072116,0.202298633,0.592638742,0.057006002,0.730278999,0.847820482
107.6089794,0.126239034,0.263632391,0.213951506,0.461718188,0.392332518,0.368730769,0.73311065,0.84274532
116.2116275,0.200151004,0.484065573,0.28947632,0.569447744,0.327428205,0.377185981,0.438908216,0.649906757
81.59953419,0.164915413,0.469418669,0.582581329,0.68801556,0.423004799,0.105808837,0.725678597,0.824505861
81.6388122,0.291110052,0.392536895,0.172331969,0.554427453,0.393822465,0.23283446,0.492522463,0.695408239
108.0707863,0.342725163,0.518882388,0.780428528,0.731130805,0.478084268,0.191819192,0.169272204,0.469497958
118.2516133,0.184134977,0.109243856,0.257986345,0.486272373,0.332215362,0.040561755,0.287359031,0.53650202
105.7584568,0.348865893,0.741882199,0.374609002,0.225831062,0.384081389,0.366640979,0.426291176,0.646179735
116.8629503,0.324371223,0.399532043,0.279755172,0.319099403,0.342753341,0.33649404,0.207469035,0.460465642
96.25878221,0.189823351,0.713651208,0.136644224,0.184504617,0.333175855,0.349973895,0.759160797,0.853363965
110.6687317,0.383479337,0.93350674,0.564348823,0.769378505,0.20421195,0.38874917,0.70615047,0.744761469
98.08621449,0.108440076,0.235376723,0.266785252,0.366926584,0.497741659,0.28234603,0.703200106,0.83150123
87.05808695,0.273996828,0.364951459,0.299899731,0.398532788,0.433478106,0.150623803,0.682029447,0.816182078
86.47018868,0.256391256,0.963679942,0.424185458,0.226956416,0.314981084,0.321434021,0.507832006,0.693292585
115.2209698,0.231088044,0.552788423,0.13175019,0.780984326,0.498577337,0.031495105,0.517286282,0.71598688
86.9481779,0.220949945,0.568549537,0.737558682,0.132721537,0.174075013,0.220154981,0.777412612,0.867114138
118.5488437,0.185005205,0.780765788,0.627699208,0.392412904,0.225771671,0.217934916,0.184487596,0.434280472
116.2685548,0.339031599,0.172698274,0.198013776,0.224496612,0.435119744,0.300254477,0.541563025,0.732996975
117.7699627,0.232245569,0.705836044,0.356955936,0.607731649,0.301440184,0.119955177,0.68681272,0.784064669
98.39945609,0.285166717,0.737437762,0.602793086,0.828149484,0.239539501,0.050791247,0.433896482,0.621027444
112.6732806,0.233031532,0.432006925,0.791408139,0.368257453,0.199567936,0.255499627,0.16980639,0.413209922
83.22477066,0.229505778,0.15715689,0.777834588,0.632136627,0.378405085,0.2539001,0.284751459,0.536843411
100.0839219,0.271096908,0.533426845,0.53703476,0.863533651,0.37432506,0.205998231,0.128975925,0.41962591
92.56588387,0.1345678,0.615599569,0.366788717,0.538762534,0.554961761,0.186413407,0.746002943,0.844859454
91.00743432,0.339125074,0.843723077,0.534750022,0.826673422,0.571119887,0.218955395,0.237437475,0.574083397
90.72676135,0.264026153,0.575916153,0.488746845,0.587791235,0.165564043,0.241047382,0.717084369,0.793641941
107.3636073,0.103497976,0.684919045,0.417322094,0.831380267,0.18713907,0.233743446,0.754924607,0.785930961
105.556161,0.255631409,0.93405231,0.130058469,0.291704611,0.293086224,0.171735023,0.761394322,0.837020606
88.41074763,0.239884578,0.533876942,0.760449102,0.351014528,0.286741675,0.141043205,0.281900192,0.530747067
93.08193575,0.11213316,0.831862594,0.746043146,0.545376099,0.485085746,0.111712578,0.19717122,0.503074363
91.24348044,0.219109375,0.446787037,0.432705209,0.582157305,0.139670743,0.194586042,0.272167615,0.505286566
91.4388223,0.231138678,0.81317392,0.269754632,0.379327831,0.587704653,0.170002935,0.333903015,0.607029435
97.61924216,0.108176295,0.323317672,0.743057497,0.884209878,0.433391742,0.052304864,0.40940615,0.642345122
117.6994118,0.276595232,0.531252208,0.200834408,0.327006088,0.470938658,0.323060018,0.453832838,0.672463461
91.98900199,0.233814173,0.405863812,0.464800732,0.562636629,0.57486161,0.275761765,0.744073141,0.849548794
111.3072058,0.375659627,0.887871091,0.363609678,0.717214623,0.272661631,0.262130927,0.270437602,0.517947269
118.1618673,0.171201636,0.424744317,0.359059883,0.301607612,0.277452199,0.217375104,0.588804001,0.752226713
110.5362454,0.377969847,0.262995639,0.687178243,0.16414414,0.141199701,0.098962432,0.324270669,0.564632992
84.51672673,0.269572941,0.522238875,0.336736113,0.335274748,0.3427058,0.181126155,0.174779512,0.433281982
86.86981514,0.289210289,0.222609303,0.128045888,0.11364635,0.497093751,0.259912314,0.735878852,0.851726748
82.75085389,0.239198221,0.850443101,0.413001849,0.856071138,0.458725996,0.295484232,0.443734035,0.66615621
90.94086116,0.305823998,0.411745331,0.352968989,0.745053681,0.587564535,0.374917964,0.740550202,0.847324855
112.2963431,0.257936266,0.810032224,0.148871279,0.44522729,0.471107456,0.3701134,0.327718365,0.586120548
111.8766607,0.388111722,0.43351817,0.16159824,0.265114696,0.267376473,0.306262212,0.290849393,0.534512366
81.44406063,0.198271811,0.321998344,0.528481062,0.186941944,0.513092383,0.365374438,0.353623879,0.594174381
85.88391156,0.240830854,0.3022322,0.13507446,0.768119421,0.369151076,0.320669618,0.371921811,0.605235377
110.386843,0.37099919,0.570927395,0.626225112,0.593910818,0.508056235,0.357844888,0.366502228,0.619896009
119.5279875,0.365685866,0.860279167,0.101059333,0.32951835,0.411545611,0.105264691,0.398586313,0.63311785
92.70946936,0.298349939,0.752767901,0.329174804,0.6879191,0.267115533,0.047193711,0.706823136,0.781548911
83.43767928,0.116731377,0.416378375,0.760102198,0.845094274,0.194745579,0.326094831,0.557791633,0.706002386
107.0557931,0.288640135,0.91899915,0.419895004,0.120129559,0.580159633,0.33318653,0.48564703,0.694140788
100.8089963,0.258665825,0.441040975,0.261376109,0.707910707,0.462222856,0.108063981,0.557218629,0.73603887
94.94913304,0.125943005,0.818536205,0.492870438,0.328821974,0.155772658,0.031545099,0.112124661,0.34238346
109.3439575,0.254387912,0.200139614,0.389073481,0.254036378,0.573667528,0.239930098,0.587222125,0.764901237
92.56259021,0.267540454,0.297463562,0.785525232,0.203221238,0.536547471,0.064395646,0.428178437,0.65760531
112.8288553,0.147297353,0.64998068,0.694016309,0.485498468,0.29345274,0.068841708,0.214912506,0.475711088
93.43375682,0.287084527,0.353902191,0.625578309,0.1863739,0.394471369,0.379605142,0.588258309,0.759142228
86.18711344,0.212403114,0.178452175,0.4481836,0.482752072,0.566897624,0.099041801,0.147674947,0.408576989
104.303356,0.172853496,0.770792643,0.786304525,0.55796899,0.273257248,0.253902157,0.554579894,0.707086492
103.4991615,0.27697499,0.46727791,0.203646763,0.121831431,0.585249086,0.248700146,0.710800674,0.841333256
82.81955853,0.21525224,0.839232982,0.60420411,0.658224418,0.438203332,0.072934951,0.640585714,0.770596036
81.85338773,0.243814408,0.58418925,0.755138127,0.898005675,0.132792839,0.24018957,0.554799347,0.677299736
117.6455112,0.399627542,0.7268878,0.471593653,0.312075548,0.510166067,0.246646086,0.352641442,0.604800751
81.10835734,0.224629319,0.345676662,0.284277007,0.54069786,0.13608848,0.384043471,0.772593508,0.841347366
88.50662316,0.246688789,0.846061505,0.752804527,0.205885888,0.318391431,0.118127752,0.720432617,0.827959123
107.3359799,0.396096135,0.936579758,0.287330551,0.643920347,0.124441804,0.227708166,0.306473267,0.507675101
85.20428655,0.367704886,0.805415883,0.193746744,0.286376285,0.295935582,0.296975969,0.35264893,0.584636674
80.62427075,0.322670543,0.784168401,0.328889438,0.231659381,0.140650079,0.036004069,0.655741794,0.781917453
93.29311942,0.367791578,0.813717823,0.374489653,0.103961495,0.147439799,0.280179835,0.654165806,0.791434394
117.2292157,0.259661231,0.454511858,0.414466467,0.635874699,0.493757539,0.339309398,0.372457021,0.620474297
93.45816916,0.298941531,0.498156583,0.118789758,0.541058546,0.224139248,0.328790308,0.410906094,0.619971743
89.71197693,0.287373491,0.169317858,0.266190651,0.736675313,0.562294367,0.211631903,0.267324215,0.533819177
103.5497518,0.238406735,0.181891594,0.321818949,0.115550117,0.414361046,0.082184151,0.504000432,0.711554816
83.60644245,0.291595456,0.932135258,0.2867039,0.38482027,0.392293044,0.092773988,0.172484878,0.455699944
89.77625126,0.134627543,0.312976281,0.5093826,0.881189719,0.453933897,0.091300556,0.349612833,0.603209006
83.53673531,0.274398138,0.323953043,0.360589,0.302188293,0.518448856,0.135578279,0.774536574,0.872787624
80.68668552,0.236796009,0.856392015,0.63887784,0.494282807,0.404611181,0.165448661,0.684130429,0.795031698
80.29776817,0.128617388,0.209235421,0.183608251,0.590182446,0.285780901,0.092331796,0.562243298,0.740151905
108.1278131,0.316832905,0.959259584,0.311764243,0.571253168,0.39351957,0.314513612,0.292763043,0.557341069
117.659738,0.288054876,0.192934853,0.192522155,0.434636406,0.513140415,0.272269509,0.339167952,0.588364034
95.52860789,0.122737504,0.544514721,0.258695411,0.47374322,0.379876304,0.09047629,0.636988976,0.778165738
88.34598829,0.331487726,0.796255104,0.213180137,0.314011692,0.301606823,0.356152031,0.196129353,0.450134387
96.30135514,0.186713813,0.137305196,0.351537951,0.776586113,0.112580656,0.30366647,0.371444057,0.598292697
99.02793103,0.374372577,0.494856918,0.792091803,0.756606098,0.42206036,0.289231676,0.606923723,0.757422816
99.56896698,0.371908889,0.505995079,0.382562404,0.28751487,0.371360565,0.196622456,0.586044649,0.755201175
116.3346029,0.275040072,0.162733167,0.470989902,0.391743604,0.4956394,0.19651301,0.319291924,0.564527246
117.074384,0.103050205,0.630061845,0.496994923,0.672270235,0.170034842,0.21123288,0.134234039,0.373481987
97.92567256,0.256217685,0.909140163,0.776328013,0.451065676,0.141937328,0.245042821,0.210160913,0.440865536
99.75076387,0.20574813,0.897340499,0.676134194,0.732128763,0.447771044,0.090753553,0.310349079,0.58827343
94.58066793,0.229436989,0.953746416,0.112444727,0.380172152,0.366764897,0.286102769,0.772542838,0.838223394
97.1070711,0.106083699,0.213098965,0.619369779,0.786312516,0.420281586,0.045834698,0.483023725,0.692159664
82.57271296,0.101857592,0.182134319,0.486004231,0.452996158,0.538689339,0.219314959,0.122744422,0.374094419
103.2059168,0.17051632,0.724050597,0.496748088,0.10362155,0.523793213,0.334716439,0.382803724,0.617577358
109.7772578,0.2872561,0.146247646,0.173969807,0.171231527,0.141419281,0.356468832,0.113366154,0.336272436
83.88524217,0.145822572,0.606732353,0.597038042,0.71989372,0.330501308,0.041015321,0.519946658,0.696090687
101.4899061,0.373755754,0.53611844,0.775955817,0.843603428,0.475283751,0.178720557,0.148605932,0.45860621
111.4504482,0.304893148,0.57922466,0.125386119,0.670126664,0.410952233,0.084865456,0.76932629,0.842694784
117.6771598,0.178888365,0.877768254,0.457162051,0.706813137,0.28067795,0.175741446,0.313042726,0.54960598
90.74922027,0.373644599,0.659725857,0.508012081,0.283523861,0.261483838,0.12925379,0.209286466,0.461384767
110.5801192,0.135175893,0.368588575,0.194826943,0.585674527,0.294313855,0.169180256,0.769345101,0.850199601
104.5735306,0.129370004,0.36351703,0.13275628,0.679442372,0.317406247,0.185363635,0.611339331,0.75967606
86.66463164,0.373508215,0.820779642,0.224769449,0.800146464,0.194065666,0.034603288,0.278298672,0.506028513
105.068081,0.201871084,0.535125053,0.376059417,0.811304776,0.180709485,0.256825854,0.198244313,0.440256918
83.62012916,0.211946413,0.587453227,0.664077965,0.587103586,0.170570264,0.385228867,0.201006911,0.435031668
115.5716906,0.370405934,0.612500224,0.700693786,0.806516749,0.247980617,0.280571766,0.75758502,0.803906433
107.9446715,0.383333318,0.464320221,0.379581535,0.353478791,0.165971525,0.155801434,0.169782916,0.409405193
88.39268582,0.192293583,0.53356504,0.680872275,0.610947296,0.214536716,0.264297824,0.611360428,0.741668296
98.3914963,0.294235828,0.635056112,0.288614791,0.345507502,0.509240164,0.037856733,0.565547557,0.746720943
91.9139492,0.193529587,0.760393718,0.301069645,0.526774383,0.330936667,0.131818562,0.405152019,0.626130225
84.57424042,0.321314763,0.716641731,0.186293635,0.363410895,0.297421093,0.082503999,0.465994838,0.666994192
81.28629294,0.115780936,0.952357409,0.473422934,0.278457979,0.588941474,0.271006374,0.574066515,0.757552856
88.96542456,0.258918535,0.320914154,0.100042829,0.668452088,0.188185462,0.196741605,0.530532337,0.705239196
118.621285,0.287518563,0.687982227,0.121471665,0.577953296,0.47057586,0.344801781,0.4306451,0.657846024
99.80889689,0.192239641,0.157591494,0.400819693,0.480792146,0.216084455,0.167519649,0.151557187,0.392602941
98.66575204,0.271196202,0.824048207,0.500727803,0.348673807,0.204152362,0.088414589,0.148037396,0.393457737
89.98767723,0.163100868,0.736094843,0.551986035,0.874976635,0.13436983,0.270077909,0.245918466,0.46168258
103.1854779,0.347769413,0.161911807,0.108236457,0.100883108,0.434552997,0.356321646,0.72847476,0.852985114
90.23442424,0.132427634,0.692992107,0.712572806,0.310089596,0.310781875,0.062968827,0.279511451,0.531372252
112.8385098,0.14067625,0.72193652,0.779293419,0.880797222,0.112289867,0.367757163,0.118956516,0.335774812
95.58203657,0.331007226,0.880753838,0.14167098,0.898601419,0.325139817,0.13918981,0.567766077,0.701498859
116.3720791,0.192223993,0.912575937,0.667572614,0.536904802,0.418874409,0.188640791,0.537148724,0.715628093
89.46475393,0.226355372,0.440016668,0.450376366,0.547434295,0.137262449,0.040759343,0.739471995,0.821874249
88.22520435,0.206643172,0.703775999,0.498714738,0.416441851,0.125900956,0.110037166,0.50613139,0.67399222
112.6294027,0.249218807,0.868072668,0.228117459,0.344772609,0.533858274,0.097720719,0.253657763,0.539485157
82.95135719,0.288188556,0.998644299,0.620266545,0.565111613,0.321369011,0.032205644,0.668670491,0.765811746
96.01021251,0.142575794,0.963542,0.539393839,0.687108488,0.422404646,0.354140817,0.78917413,0.82842007
94.10388063,0.246029764,0.938134681,0.391993861,0.327533301,0.488818911,0.181603093,0.690039159,0.811651773
102.9127179,0.234130957,0.300332641,0.54247412,0.87367966,0.49900875,0.116333762,0.24183866,0.522533004
114.2364682,0.351359998,0.957293392,0.767339485,0.71918289,0.185058366,0.180395776,0.470615507,0.623875089
99.65517992,0.151731266,0.571030102,0.606111518,0.464741505,0.102104467,0.309932006,0.562131393,0.708770824
103.1190934,0.353188318,0.550530544,0.124559273,0.58021065,0.12408475,0.225816903,0.654912646,0.759815066
90.2293967,0.199909569,0.978892046,0.709344714,0.555139689,0.209982384,0.230780312,0.271562965,0.504705103
92.51467108,0.374249242,0.653447267,0.777893579,0.583759519,0.402296247,0.297470839,0.116804494,0.401572932
116.1746902,0.33173981,0.778949389,0.100808533,0.29094459,0.541926612,0.113828586,0.553277263,0.741883151
86.87509887,0.31895555,0.57940104,0.412381184,0.329898572,0.211657457,0.141996889,0.760667201,0.841335207
102.1819302,0.2170071,0.891369058,0.245853934,0.677969969,0.473917382,0.124677106,0.78472127,0.840833373
96.81910196,0.139906844,0.56380427,0.344357856,0.54679381,0.375417463,0.329391486,0.610864131,0.756288972
81.96964599,0.258203406,0.916897627,0.321610837,0.742459069,0.36029164,0.241401272,0.731368909,0.791000455
115.5970958,0.20025906,0.372131585,0.330222021,0.827179979,0.191912874,0.119927052,0.744578342,0.81782281
89.54177452,0.159662158,0.192828633,0.640015575,0.835902014,0.400185745,0.379658953,0.215222011,0.476094368
102.0895056,0.352425378,0.823178252,0.733350827,0.747755654,0.11284831,0.311814621,0.758171122,0.767966102
89.87336404,0.399297295,0.17905019,0.155182297,0.871929343,0.593667429,0.130460692,0.595423061,0.76692616
104.6244738,0.190765087,0.543337721,0.186175967,0.874029673,0.233046969,0.059543935,0.599482563,0.725429706
101.0702751,0.186468106,0.199284592,0.582024,0.569133644,0.293694647,0.314905788,0.332090657,0.571849626
118.6180067,0.388719334,0.417571572,0.25709822,0.253548513,0.130584542,0.356104336,0.736650632,0.837526042
99.69940492,0.221405673,0.669694287,0.492417655,0.893289532,0.575943301,0.33533849,0.157600894,0.507136405
118.167716,0.208706862,0.517969078,0.638688367,0.133592777,0.571684145,0.326342336,0.459174758,0.677818277
103.4952237,0.32431603,0.711174452,0.157533042,0.612497326,0.49687623,0.061238745,0.653402543,0.789777459
103.5784418,0.172972679,0.364312806,0.424472853,0.548170534,0.132247242,0.271022962,0.37521434,0.593043514
110.7691568,0.376847766,0.340472376,0.248024671,0.323502706,0.417333823,0.310288336,0.527799641,0.722197916
94.63831912,0.236122297,0.647621443,0.733692103,0.34383532,0.171910623,0.228709063,0.686391846,0.793748732
93.67770494,0.376627088,0.231415223,0.623951692,0.782415375,0.371182786,0.050463524,0.74551306,0.842193961
104.579692,0.140877961,0.396892894,0.277732107,0.640412965,0.269316312,0.283801029,0.423939657,0.63415255
91.45975772,0.390942141,0.849513312,0.66964496,0.437751291,0.541305049,0.185773422,0.111241273,0.42477529
80.41958484,0.22746673,0.20614678,0.132029778,0.761726103,0.319372338,0.237657195,0.186787871,0.44486616
119.8405921,0.116262977,0.760589761,0.751472753,0.632884183,0.568601223,0.304374297,0.744092775,0.838932467
87.06335296,0.192549924,0.814677386,0.500966635,0.529407136,0.313702673,0.109447543,0.632758216,0.756025718
118.2872661,0.103814215,0.981943228,0.488352797,0.336014424,0.407808427,0.085641137,0.520876585,0.709770496
96.50741806,0.110439207,0.401716031,0.344314133,0.401046365,0.499500715,0.135443903,0.764483159,0.860955249
81.76735128,0.14536215,0.365750731,0.659426142,0.286100559,0.200072848,0.324393272,0.324425965,0.56023973
95.13621362,0.159027689,0.844743239,0.319430129,0.26585493,0.447530275,0.271037903,0.452709597,0.669698487
112.9750974,0.174950123,0.778980908,0.469417594,0.166411167,0.350073759,0.089146702,0.363722877,0.601387138
103.4393361,0.397170901,0.90659736,0.295962725,0.301934527,0.178811665,0.176831228,0.452231289,0.64486586
115.1431856,0.275997629,0.346779043,0.713241762,0.448362402,0.328666156,0.273223472,0.728795071,0.834242027
105.444107,0.10134782,0.963206407,0.631670954,0.333851655,0.439274687,0.320168487,0.217032767,0.492599851
103.6091226,0.126715162,0.249529552,0.246828447,0.799788313,0.533342689,0.332936813,0.758974817,0.859365975
90.53928096,0.232669417,0.806714251,0.331251675,0.399527611,0.584436336,0.354333983,0.163039599,0.467329075
83.69231768,0.312269899,0.482184004,0.197630724,0.421984294,0.104998495,0.186423819,0.460334197,0.65160971
111.5284263,0.397021632,0.708912691,0.748995428,0.89413579,0.437845937,0.30548274,0.784004164,0.831464539
102.4344957,0.336037379,0.653220287,0.575819654,0.513500908,0.186458676,0.361090963,0.542615188,0.695711687
116.0275935,0.107293682,0.728829626,0.576079863,0.747153306,0.365376399,0.193963063,0.307990483,0.565660033
92.79215624,0.311651702,0.235057226,0.278182781,0.386512766,0.570122209,0.285467324,0.197205516,0.459644313
115.8871117,0.120265328,0.825548369,0.531929867,0.381323248,0.117190877,0.053424934,0.799929185,0.836796113
106.6766862,0.221294687,0.552635104,0.365918565,0.224875315,0.409393135,0.338735643,0.618309521,0.773477162
98.24504653,0.241661044,0.654850116,0.577078626,0.418526865,0.349187908,0.036259165,0.644469938,0.778395724
109.3768666,0.188849974,0.714304336,0.76165033,0.70847558,0.332637325,0.32670897,0.366495632,0.595005994
96.20707823,0.194282883,0.967185651,0.188187475,0.62529888,0.266995425,0.232475546,0.274436005,0.519593147
87.66749168,0.151893368,0.429545222,0.229304788,0.620335881,0.105340601,0.173691709,0.692969873,0.787472397
111.4325563,0.20709848,0.454854265,0.17011854,0.715699858,0.218691851,0.320672162,0.616640595,0.744878871
86.3797581,0.294837383,0.224689045,0.657441449,0.847489321,0.284375096,0.206871555,0.435272261,0.649856669
110.3233762,0.35796306,0.606304847,0.143590433,0.380626152,0.154792685,0.283762665,0.223937825,0.461915006
108.8665195,0.251991326,0.996077748,0.531266327,0.680223821,0.19544271,0.124276054,0.422504661,0.598942979
96.31146177,0.339997878,0.577065339,0.449104349,0.635257394,0.3142257,0.079341937,0.60111098,0.744204153
92.9649754,0.376124472,0.791244891,0.241773059,0.658115537,0.563523315,0.237778479,0.766815837,0.848070128
108.9140595,0.114786152,0.992923854,0.253448048,0.696703437,0.377872132,0.33263334,0.509903283,0.683953395
105.2459541,0.203902414,0.800844282,0.429366268,0.642710147,0.310320924,0.229693335,0.468103222,0.657435787
85.56862826,0.31315637,0.468523421,0.48394845,0.375407393,0.277326646,0.315828982,0.47411926,0.672670527
118.3834873,0.102956999,0.242347846,0.67371213,0.596348441,0.501743919,0.26430865,0.331448323,0.582201351
105.9751841,0.275881785,0.145928048,0.777601875,0.699348492,0.558141166,0.039918074,0.431432432,0.663531612
101.4181924,0.143408216,0.579041692,0.517009031,0.264515438,0.282595965,0.270739165,0.779733417,0.861517172
91.52967019,0.224510914,0.424603618,0.206104587,0.52004051,0.368977378,0.175378814,0.320986071,0.568399386
113.8469395,0.371416254,0.393692686,0.448327257,0.785396562,0.525271479,0.265848738,0.704992293,0.821987435
116.6777896,0.231532889,0.219186237,0.224798887,0.733094806,0.257722553,0.070532551,0.562161072,0.73209517
83.34981859,0.212372569,0.563412954,0.662056774,0.669586245,0.157244838,0.233257214,0.163974419,0.401391809
95.97128644,0.240262363,0.32897624,0.63293643,0.417606342,0.309212211,0.177480307,0.318526471,0.564379791
111.1472574,0.232791762,0.56262646,0.546580328,0.137074952,0.262243698,0.330045302,0.452429886,0.664450314
118.5544949,0.123145066,0.843297562,0.631328767,0.889066059,0.106684717,0.3805216,0.788729986,0.760778967
105.5106651,0.135937518,0.239913457,0.255147657,0.871735292,0.382439721,0.363553585,0.372521788,0.609427273
103.7997565,0.355563088,0.754793748,0.219460507,0.886253582,0.190983866,0.39916293,0.203573127,0.439701827
106.8165965,0.276369292,0.873058225,0.700002249,0.483428133,0.120811394,0.308287184,0.106307151,0.322505522
109.6712989,0.169856942,0.904056019,0.401454303,0.68581639,0.215565098,0.154418736,0.172539855,0.426785034
85.23748389,0.234785686,0.58197599,0.481252407,0.855415454,0.182074736,0.16965474,0.233552556,0.470635382
90.38816484,0.282377816,0.832345484,0.483472873,0.262279596,0.584556806,0.118035959,0.435556929,0.67114673
99.57310312,0.131158853,0.461205854,0.312281323,0.706452328,0.582644303,0.066047334,0.181741878,0.489105476
98.17317538,0.224077829,0.492390177,0.429575582,0.465135604,0.55466557,0.103526135,0.68216069,0.816480902
97.48738298,0.315705172,0.583311901,0.581158898,0.445235335,0.332373792,0.062574587,0.693083699,0.807440777
113.1810531,0.339289215,0.401464256,0.717999937,0.817574578,0.573392201,0.333303055,0.765018691,0.854284008
101.7460462,0.365148835,0.115091184,0.67477516,0.442433914,0.282795821,0.304825021,0.575609471,0.745589132
103.0191176,0.148250636,0.724908692,0.456845143,0.830218176,0.200656819,0.271319577,0.151386015,0.400952007
117.3119594,0.362764773,0.933911471,0.347763045,0.430284201,0.180443766,0.304608997,0.560615048,0.698986961
111.3804417,0.193818789,0.493995188,0.529521971,0.533011362,0.557076824,0.146740852,0.743396698,0.848911409
94.15089045,0.193064259,0.570095791,0.10778526,0.754820432,0.595947856,0.162315704,0.344445487,0.625175024
87.00711187,0.197494364,0.448798531,0.352413656,0.712317288,0.199502621,0.110280023,0.391818895,0.602606683
99.13511056,0.250175692,0.212008814,0.54447663,0.57279475,0.333157596,0.280684606,0.529595097,0.718251343
107.3735516,0.13341255,0.840321574,0.32456087,0.266506341,0.461872029,0.258965101,0.714829837,0.828718033
98.03285455,0.271484281,0.799722641,0.799385764,0.730280159,0.598733443,0.267741825,0.585680233,0.765666722
85.02233503,0.369232068,0.956067982,0.33468323,0.398804526,0.595742059,0.326427629,0.795753156,0.869619488
109.2553846,0.249116494,0.797166414,0.478100351,0.244908393,0.300789215,0.063227687,0.188197018,0.445506955
114.2795372,0.313509735,0.660703029,0.161320093,0.411312052,0.571854419,0.358371333,0.48641473,0.7003927
80.76615816,0.130881066,0.860660006,0.774647627,0.55857724,0.313990435,0.3957554,0.75775328,0.81212663
111.001288,0.133850437,0.727248973,0.784801683,0.164514084,0.584030698,0.038473227,0.604457324,0.776665856
81.15473022,0.253408271,0.558454738,0.510532803,0.261828323,0.57330409,0.354480308,0.184118792,0.455097834
105.8007333,0.117812169,0.693545617,0.212297531,0.454279196,0.58841606,0.033792593,0.342679997,0.614731659
97.81774215,0.345558551,0.217539641,0.355690124,0.848902811,0.304015128,0.219506907,0.796287782,0.869859641
103.0507353,0.135413762,0.656718594,0.381220204,0.787507448,0.583554293,0.040387404,0.603880905,0.774313665
112.3620144,0.249580278,0.477391898,0.616557699,0.779985809,0.134226824,0.258355555,0.41008104,0.601907698
103.0862586,0.368730982,0.672567588,0.123567556,0.167076036,0.305474599,0.273358888,0.629873775,0.780512833
105.7791187,0.297788883,0.801515176,0.767205244,0.748959223,0.125904311,0.289622655,0.204685786,0.427606695
101.318697,0.190684381,0.529038028,0.298405308,0.223047678,0.315986378,0.3835787,0.199771607,0.447872841
101.1172863,0.252635115,0.306302734,0.509563179,0.639070447,0.593714378,0.354309743,0.494519452,0.70577458
100.3531558,0.214487383,0.617520013,0.334654466,0.773099202,0.153242778,0.128115693,0.266827307,0.492686585
112.1402222,0.10705809,0.988022781,0.260976007,0.818915802,0.265474854,0.271609215,0.598387624,0.700961546
102.292794,0.372201919,0.406254218,0.794307784,0.437672399,0.122683185,0.109324517,0.247949633,0.486178245
116.9108188,0.242219661,0.405478935,0.607600014,0.247434442,0.282234463,0.148009373,0.749192943,0.850597423
107.157248,0.243502677,0.408296887,0.271160259,0.242154461,0.343042161,0.088123914,0.399124561,0.630917442
104.5406895,0.324845076,0.341245156,0.153890025,0.669932122,0.208539481,0.361581337,0.172857703,0.417743392
111.4046341,0.227111047,0.20221381,0.129173927,0.723776509,0.114817946,0.117317952,0.185300325,0.426512689
92.74014727,0.296879447,0.365669399,0.561669473,0.652393855,0.134770218,0.302267533,0.567328221,0.71656022
116.6037592,0.352252854,0.472116982,0.248087868,0.74267005,0.189945208,0.078916911,0.442917361,0.635954058
110.295665,0.151152913,0.916693964,0.380968984,0.316565514,0.109224196,0.197696784,0.697793784,0.785507144
119.1442632,0.226201508,0.275669265,0.693389306,0.210563206,0.219276737,0.060279658,0.236615016,0.485699585
116.6278576,0.275080261,0.26122263,0.163855815,0.756886744,0.142749579,0.07165223,0.794848064,0.859014006
117.0317224,0.24140836,0.238314105,0.401028127,0.818184389,0.228897988,0.162763064,0.224465529,0.471720276
83.90848774,0.198141055,0.554327579,0.231222594,0.711450733,0.450817719,0.128673175,0.556401789,0.733240506
109.676034,0.108856703,0.368569082,0.596330829,0.361878093,0.301198303,0.085514044,0.521055341,0.713505736
105.8455364,0.12441593,0.877190464,0.413768256,0.23782323,0.481466929,0.216934772,0.668911815,0.803799938
95.75865408,0.232978682,0.946324952,0.138660828,0.338418108,0.395119822,0.238729529,0.751197513,0.834287702
92.90634873,0.192357592,0.431151702,0.191679956,0.316215645,0.209491751,0.347866407,0.685434889,0.807295232
98.79089561,0.120041018,0.348258083,0.151010114,0.124487532,0.292846688,0.384344268,0.613910793,0.777646071
90.29491708,0.350311885,0.354352523,0.101772386,0.294573586,0.526824222,0.130776687,0.688195605,0.824189997
108.0619582,0.351564921,0.120383509,0.209765087,0.143958087,0.594035307,0.054924588,0.459216723,0.674878975
111.0723292,0.263615639,0.566598172,0.101138663,0.131270643,0.293103747,0.072724839,0.735479734,0.849187372
81.66460317,0.163147764,0.112295987,0.707603061,0.79996728,0.554495766,0.330176046,0.140439372,0.394655465
115.370105,0.302188324,0.91672476,0.335482495,0.884916005,0.367655932,0.343895898,0.383651347,0.611146716
106.792312,0.174772296,0.546187814,0.733469568,0.51731335,0.288509752,0.331851848,0.591769136,0.741082505
113.0569631,0.23454797,0.474464363,0.144408602,0.356886503,0.567568621,0.143000022,0.144001917,0.421285544
85.02054358,0.30608764,0.204224013,0.114761272,0.456602042,0.434936692,0.055719586,0.69203035,0.82484919
85.5672598,0.20568401,0.311002562,0.712011216,0.574487406,0.186460171,0.178544163,0.51805523,0.699813962
98.41231051,0.334059954,0.50606781,0.713325363,0.21960016,0.445728616,0.357915982,0.554493388,0.736667842
94.20871478,0.177994113,0.287612919,0.199014668,0.365571614,0.103109127,0.095435948,0.640178758,0.782848828
85.81586445,0.334992704,0.608914963,0.257787324,0.811870602,0.211735426,0.138519225,0.223542165,0.469201653
114.2584632,0.105083347,0.371054696,0.396635401,0.803023952,0.509150827,0.165119058,0.561035046,0.744090697
101.112008,0.186282029,0.250706709,0.362290788,0.747824274,0.369646499,0.378001076,0.336533866,0.579520001
81.79355884,0.115703442,0.486762518,0.561192895,0.765623219,0.309057713,0.161882979,0.320624178,0.564308982
88.90185595,0.286126525,0.895293751,0.642961141,0.5986796,0.56384496,0.07644364,0.154293528,0.496414736
96.90193964,0.397760097,0.690116148,0.736892419,0.482970468,0.148337333,0.056570351,0.19582201,0.43467015
105.756417,0.255491618,0.133482124,0.661709903,0.764397322,0.210167107,0.365696006,0.737027848,0.843768843
83.74414693,0.262848175,0.434952624,0.448569697,0.120893448,0.515987487,0.381783185,0.225191471,0.477753669
104.4234815,0.200584491,0.537682829,0.274667045,0.33618751,0.432695882,0.142189257,0.677217346,0.809964972
101.1856243,0.21009515,0.596754463,0.737677203,0.266086373,0.582405102,0.138515739,0.505116882,0.714729525
114.1356291,0.306218606,0.77699784,0.507962761,0.783217437,0.311283691,0.218921156,0.478365127,0.659667771
119.4562341,0.245629355,0.732834075,0.16266179,0.257531598,0.410524245,0.288225706,0.514656787,0.707295337
87.59994516,0.219468034,0.549831034,0.287379314,0.3817493,0.378985184,0.032364707,0.780129293,0.860793724
110.5596328,0.182603546,0.321899246,0.423773697,0.377084153,0.113973391,0.377567943,0.418289756,0.628005568
119.285595,0.312521851,0.228122512,0.765221523,0.388680164,0.444864952,0.358385979,0.239370644,0.49611113
110.342813,0.364291843,0.990415216,0.685448702,0.664678539,0.510767506,0.307696282,0.470632967,0.690569767
119.6753886,0.213049222,0.582521493,0.544609288,0.344889287,0.372069227,0.287812019,0.671488804,0.800436516
92.37692297,0.367073428,0.520364551,0.69136827,0.55540948,0.390662634,0.13768176,0.28758306,0.547728712
119.8463073,0.255634493,0.416286036,0.671071192,0.484506073,0.499678794,0.231017206,0.527013456,0.724409223
112.1296205,0.358067608,0.895078166,0.124792419,0.831112319,0.187291913,0.240820961,0.521930339,0.647585066
114.6756788,0.172275668,0.767784188,0.634165231,0.632278492,0.540637701,0.043382425,0.52156645,0.724957011
90.67937138,0.111572663,0.639488895,0.410058358,0.677710945,0.573566158,0.292734915,0.687580213,0.813721956
91.51983771,0.173241688,0.933276043,0.666391191,0.64681605,0.417194408,0.060515572,0.549354432,0.718130032
99.67764538,0.200205832,0.915936934,0.651148163,0.384200951,0.526994551,0.194099895,0.143202984,0.449052954
102.8925662,0.38297468,0.642572739,0.439211115,0.17290305,0.32876943,0.071415059,0.293662172,0.543976308
100.5102573,0.204311017,0.325050114,0.523140926,0.557613059,0.146166495,0.383794797,0.747211116,0.833992747
82.34056743,0.394637945,0.583162866,0.683319525,0.11124893,0.264912551,0.077858258,0.653030996,0.801753614
104.0386536,0.114724087,0.814886004,0.610093148,0.345677492,0.420425525,0.047114156,0.603770214,0.761266207
117.19047,0.311806494,0.833282238,0.398746895,0.797860349,0.11674407,0.071528055,0.380230067,0.556304648
83.83185988,0.186241771,0.828865638,0.57419101,0.699718962,0.543975069,0.211413924,0.524847895,0.726644919
113.7087461,0.159721139,0.875896879,0.520765681,0.563872467,0.574962385,0.236045079,0.736363854,0.836032257
111.9675061,0.350466077,0.643442564,0.234304532,0.747665168,0.586650273,0.274196054,0.79234839,0.863494773
86.51606976,0.117541167,0.79485116,0.217590766,0.24827141,0.394750892,0.399940448,0.265479593,0.518406281
96.64331393,0.228497301,0.951839529,0.17253487,0.291250711,0.247006356,0.189159829,0.369549965,0.593109185
85.32226462,0.203344657,0.805825798,0.609869051,0.87556906,0.149990667,0.147133518,0.374036179,0.555579592
101.7085442,0.310739113,0.955632016,0.740682739,0.524259432,0.550488656,0.237411059,0.599759522,0.766024492
111.5503686,0.357686514,0.888784108,0.259662746,0.166997987,0.518396923,0.397517909,0.62429622,0.779352353
111.6988086,0.195468314,0.606239555,0.733037516,0.51352625,0.361079979,0.061291025,0.185561924,0.458633923
81.98401007,0.251915605,0.853505773,0.110970383,0.831094913,0.262682685,0.113010772,0.162204261,0.435145596
110.8788189,0.124898326,0.385904025,0.662621726,0.61974922,0.361300955,0.25531382,0.164989559,0.42961608
93.15775997,0.217586466,0.622398647,0.480396281,0.404858938,0.270532794,0.264676921,0.241480824,0.49260158
95.3213377,0.145345841,0.543539116,0.680076436,0.825561728,0.544573173,0.330490022,0.302249257,0.589764701
107.6738829,0.223720635,0.549747068,0.476131561,0.649612944,0.215841462,0.339216078,0.443231194,0.635353074
106.7054649,0.255428646,0.851184544,0.365532978,0.428879216,0.179787139,0.052037889,0.567742016,0.710210422
110.7507271,0.388942288,0.801964434,0.153500077,0.56132816,0.41839946,0.377193695,0.309031044,0.568790911
80.13793647,0.234959839,0.229535951,0.341256838,0.201820571,0.538391618,0.351881872,0.27861209,0.532960519
86.03284531,0.161804416,0.337737772,0.125640155,0.879432047,0.596547562,0.17317379,0.456798443,0.687113417
101.9839029,0.320440484,0.535454601,0.628151695,0.804211763,0.313739794,0.057685393,0.457406622,0.65715608
101.0776792,0.130933352,0.359065179,0.660095552,0.143409891,0.459008611,0.274333141,0.492591346,0.699398877
99.07070851,0.359228992,0.331120164,0.563521588,0.259876231,0.404635188,0.386919714,0.407562533,0.635714579
92.45877939,0.373950772,0.169316598,0.347641385,0.231205608,0.109927622,0.163488516,0.379266474,0.61183181
101.9724248,0.217434035,0.394718685,0.666451579,0.117414504,0.489497315,0.38096542,0.328597694,0.572731059
83.00937499,0.297439793,0.425663212,0.367356208,0.578157473,0.353648525,0.28055103,0.409616717,0.632320313
82.58377331,0.314965145,0.216295706,0.63695822,0.332432269,0.333316916,0.277875464,0.574522374,0.750674237
115.9618332,0.20293457,0.524852614,0.599190065,0.557124955,0.287904605,0.109572147,0.587154869,0.739174576
119.943591,0.3890456,0.373125298,0.275023974,0.650997675,0.557118589,0.108240738,0.560451704,0.745855991
92.50960585,0.394862707,0.840474941,0.159753434,0.473321707,0.574558034,0.276583888,0.376193563,0.638018281
102.6952634,0.254437567,0.369815844,0.758208738,0.517486662,0.537214885,0.046600191,0.362647316,0.614117321
111.9991024,0.174404574,0.151434841,0.543792424,0.395923392,0.150984999,0.080255436,0.265987301,0.509857906
106.9157321,0.120682029,0.815759495,0.385295368,0.865621852,0.130382109,0.145028773,0.456974728,0.602938286
88.43135364,0.319840823,0.94021215,0.245340498,0.875391155,0.298931979,0.074631874,0.405855616,0.609992047
89.35629815,0.219057567,0.388364457,0.29207523,0.36980359,0.181613302,0.342039685,0.501812027,0.691457881
83.41544399,0.217303508,0.498984331,0.464778623,0.370536986,0.309689311,0.261052362,0.594367855,0.753129687
108.4083422,0.248376781,0.153438795,0.71158646,0.415068384,0.419541075,0.373733833,0.443751144,0.664781563
107.2828244,0.237307911,0.734704455,0.573157733,0.791611828,0.363147684,0.29617259,0.493096708,0.676565474
107.7712359,0.314605115,0.834655021,0.680821657,0.403097148,0.20951044,0.045189298,0.72732553,0.805379319
105.5071438,0.107523008,0.745653015,0.485165027,0.520237677,0.473692805,0.294903432,0.782084702,0.852805773
119.442017,0.301769797,0.362548024,0.697539643,0.261266582,0.212251197,0.11816052,0.561170864,0.737273641
86.76956409,0.24517813,0.107276144,0.263778347,0.816888052,0.228093503,0.271267467,0.421681018,0.636402191
100.5882789,0.398813416,0.63021715,0.319535431,0.188545033,0.352623576,0.21700839,0.405209498,0.633434483
99.95308282,0.184463738,0.625596533,0.45051039,0.711289377,0.462281212,0.292120025,0.398754362,0.63848999
94.13933134,0.323906292,0.71128618,0.373188742,0.566284939,0.323432639,0.298944389,0.7709012,0.827906999
98.67846042,0.120058953,0.390641528,0.620823364,0.21413022,0.444336099,0.039855487,0.441962282,0.663934023
93.86567035,0.317396084,0.783716943,0.766092643,0.785339713,0.248688131,0.121801683,0.379185011,0.587958105
112.3089044,0.151002684,0.615007282,0.18084228,0.463418497,0.491160757,0.389997461,0.512963113,0.709797268
82.0042875,0.178303317,0.686060629,0.477266602,0.37252465,0.381258837,0.275767624,0.473364151,0.678721491
107.5320951,0.391530411,0.118458513,0.723766741,0.780993327,0.499158537,0.186861044,0.504621276,0.713759736
113.1773708,0.252700326,0.664849473,0.368035815,0.449522906,0.27777357,0.181614942,0.372827831,0.598836717
101.977055,0.25153943,0.800765391,0.670571523,0.389481107,0.461624861,0.299047068,0.560399413,0.736846787
92.09570793,0.299347625,0.387692476,0.393640692,0.77927899,0.204484759,0.042228536,0.478780406,0.664888328
93.91613166,0.345522303,0.608202724,0.295826172,0.897956066,0.2309727,0.33746623,0.376696525,0.581185431
111.7210468,0.329503789,0.898423226,0.518320867,0.664362391,0.435069064,0.364635126,0.624931186,0.756348899
102.2927011,0.125967229,0.680568905,0.128821283,0.216797611,0.261629528,0.135547849,0.486589311,0.685440509
119.7519377,0.24763863,0.447001743,0.34844528,0.305029838,0.21439225,0.198603489,0.290639448,0.53398221
80.40741194,0.252174481,0.501565954,0.330258826,0.631469058,0.487189053,0.372611405,0.342847661,0.598578509
81.06440912,0.293357616,0.345781488,0.378544923,0.220998508,0.265393154,0.387862007,0.71563595,0.83047215
112.6516105,0.235350971,0.104976195,0.776304932,0.892059142,0.595893272,0.327685147,0.740344384,0.853915793
118.0586403,0.270205496,0.277938482,0.411972637,0.566708883,0.247380261,0.221742986,0.160694103,0.40594251
111.5926795,0.10548558,0.795338224,0.378832311,0.502659369,0.553643134,0.263320943,0.783376459,0.85925355
118.7052826,0.209778533,0.715549239,0.522297588,0.628093565,0.173651624,0.376898045,0.757661052,0.798013151
106.7255606,0.351897685,0.139194121,0.751486306,0.828797447,0.132157316,0.328964897,0.374081577,0.59561533
107.5641992,0.193127683,0.544734592,0.333067267,0.800906393,0.410152252,0.309352864,0.107616481,0.402272754
85.06672263,0.271115868,0.387316881,0.672780046,0.64791741,0.539875909,0.3510927,0.200130795,0.486179522
109.2836639,0.146291536,0.276158733,0.785676602,0.466496161,0.173386052,0.111627743,0.695746114,0.815009859
107.4844682,0.259075816,0.576425719,0.613450441,0.40175016,0.520207946,0.317048944,0.687249282,0.813745453
99.06621415,0.320329739,0.133650604,0.167586735,0.434415189,0.527305886,0.378828356,0.610363307,0.780211937
102.475403,0.237676074,0.110030023,0.63696028,0.718417296,0.578639601,0.374640947,0.29428854,0.553103783
93.31760298,0.367954541,0.311531237,0.349092604,0.42362412,0.362580191,0.058839411,0.669838038,0.806248273
115.014252,0.145100657,0.126603436,0.724007901,0.167898571,0.25648477,0.047861209,0.236533483,0.489754461
86.61054646,0.375531436,0.108050878,0.752893944,0.635160052,0.202470286,0.270233524,0.209499006,0.453576519
82.77696641,0.124478649,0.753595618,0.713830589,0.349899316,0.222933742,0.110195816,0.53640622,0.706479776
85.59915551,0.238284681,0.894963168,0.292325207,0.655744474,0.320045353,0.043018312,0.547479767,0.701419285
94.71978562,0.255508852,0.400358405,0.525649311,0.75660565,0.522805802,0.083441428,0.582142622,0.759348519
91.30852745,0.311469348,0.221600978,0.781523816,0.80653823,0.200297642,0.274760925,0.38879718,0.611567662
105.7542675,0.346517695,0.777539791,0.717378274,0.258060201,0.104167433,0.382065714,0.558816128,0.713868457
82.52942788,0.194238242,0.821523172,0.52144796,0.613708446,0.433094711,0.224358161,0.612658192,0.755016976
114.0328319,0.250060945,0.528257722,0.710306812,0.241091659,0.237807341,0.273341578,0.711736655,0.823272328
108.8030717,0.123537499,0.277829978,0.473836155,0.204126632,0.367545977,0.206660077,0.292828241,0.540147563
113.3287145,0.392254865,0.263142591,0.582933452,0.667492736,0.54070138,0.353795584,0.299688237,0.562608572
86.69446577,0.283186818,0.325433101,0.231304548,0.556827887,0.467268245,0.101855966,0.472774547,0.684719339
89.86693879,0.355693286,0.900701151,0.312549054,0.427364492,0.448640529,0.251251403,0.42370195,0.652573004
112.8262696,0.294841158,0.29011007,0.586369832,0.150699721,0.100693201,0.124605096,0.766492233,0.865588862
100.3845135,0.273281677,0.361500519,0.36852595,0.163067734,0.476918638,0.290421711,0.131736302,0.372253053
109.958794,0.101263429,0.652064415,0.495680015,0.843145376,0.491446701,0.303062653,0.772159696,0.838439643
108.900396,0.278225248,0.686721878,0.264327012,0.433409913,0.331370331,0.095365936,0.653052457,0.779522515
115.3225614,0.367683175,0.871317326,0.319062915,0.316430555,0.405218436,0.126611062,0.391966494,0.626739683
98.80042041,0.307353069,0.656106679,0.123310101,0.259441912,0.191801448,0.245005721,0.689213474,0.803672078
108.0916501,0.179909735,0.392402833,0.337892574,0.645503526,0.44441138,0.137576115,0.449474739,0.670923535
101.0194819,0.208476072,0.704132614,0.478654785,0.257812803,0.158586832,0.23814187,0.538773267,0.709097829
83.21254757,0.36953007,0.198854793,0.752616758,0.549482086,0.416172374,0.180636606,0.361819439,0.601018861
